speedrun,run_id,step,val_loss,train_time_ms
2025-12-29_VeSkipGates,2851d7dc-d6a5-4e74-8623-57031425db16,0,10.83,0
2025-12-29_VeSkipGates,2851d7dc-d6a5-4e74-8623-57031425db16,250,4.6033,8707
2025-12-29_VeSkipGates,2851d7dc-d6a5-4e74-8623-57031425db16,500,4.2987,17268
2025-12-29_VeSkipGates,2851d7dc-d6a5-4e74-8623-57031425db16,750,4.0175,29905
2025-12-29_VeSkipGates,2851d7dc-d6a5-4e74-8623-57031425db16,1000,3.7828,45342
2025-12-29_VeSkipGates,2851d7dc-d6a5-4e74-8623-57031425db16,1250,3.5407,61991
2025-12-29_VeSkipGates,2851d7dc-d6a5-4e74-8623-57031425db16,1500,3.4071,84002
2025-12-29_VeSkipGates,2851d7dc-d6a5-4e74-8623-57031425db16,1750,3.3067,105997
2025-12-29_VeSkipGates,2851d7dc-d6a5-4e74-8623-57031425db16,1845,3.28,114369
2025-12-29_VeSkipGates,dbb767ac-4ec7-40de-8398-d09946c839fa,0,10.8284,0
2025-12-29_VeSkipGates,dbb767ac-4ec7-40de-8398-d09946c839fa,250,4.6111,8676
2025-12-29_VeSkipGates,dbb767ac-4ec7-40de-8398-d09946c839fa,500,4.2847,17223
2025-12-29_VeSkipGates,dbb767ac-4ec7-40de-8398-d09946c839fa,750,4.0301,29840
2025-12-29_VeSkipGates,dbb767ac-4ec7-40de-8398-d09946c839fa,1000,3.7747,45261
2025-12-29_VeSkipGates,dbb767ac-4ec7-40de-8398-d09946c839fa,1250,3.5363,61874
2025-12-29_VeSkipGates,dbb767ac-4ec7-40de-8398-d09946c839fa,1500,3.4038,83860
2025-12-29_VeSkipGates,dbb767ac-4ec7-40de-8398-d09946c839fa,1750,3.3048,105845
2025-12-29_VeSkipGates,dbb767ac-4ec7-40de-8398-d09946c839fa,1845,3.2784,114220
2025-12-29_VeSkipGates,3e55ba7b-e7ff-479c-b736-3532905af2df,0,10.8309,0
2025-12-29_VeSkipGates,3e55ba7b-e7ff-479c-b736-3532905af2df,250,4.62,8824
2025-12-29_VeSkipGates,3e55ba7b-e7ff-479c-b736-3532905af2df,500,4.2807,17377
2025-12-29_VeSkipGates,3e55ba7b-e7ff-479c-b736-3532905af2df,750,4.0266,30034
2025-12-29_VeSkipGates,3e55ba7b-e7ff-479c-b736-3532905af2df,1000,3.7712,45500
2025-12-29_VeSkipGates,3e55ba7b-e7ff-479c-b736-3532905af2df,1250,3.533,62145
2025-12-29_VeSkipGates,3e55ba7b-e7ff-479c-b736-3532905af2df,1500,3.4024,84142
2025-12-29_VeSkipGates,3e55ba7b-e7ff-479c-b736-3532905af2df,1750,3.3037,106135
2025-12-29_VeSkipGates,3e55ba7b-e7ff-479c-b736-3532905af2df,1845,3.279,114508
2025-12-29_VeSkipGates,6ce339bb-580e-4a27-9ac0-d5bda9783033,0,10.8309,0
2025-12-29_VeSkipGates,6ce339bb-580e-4a27-9ac0-d5bda9783033,250,4.6199,8767
2025-12-29_VeSkipGates,6ce339bb-580e-4a27-9ac0-d5bda9783033,500,4.3018,17310
2025-12-29_VeSkipGates,6ce339bb-580e-4a27-9ac0-d5bda9783033,750,4.0156,29917
2025-12-29_VeSkipGates,6ce339bb-580e-4a27-9ac0-d5bda9783033,1000,3.7869,45325
2025-12-29_VeSkipGates,6ce339bb-580e-4a27-9ac0-d5bda9783033,1250,3.5345,61950
2025-12-29_VeSkipGates,6ce339bb-580e-4a27-9ac0-d5bda9783033,1500,3.4032,83961
2025-12-29_VeSkipGates,6ce339bb-580e-4a27-9ac0-d5bda9783033,1750,3.304,105972
2025-12-29_VeSkipGates,6ce339bb-580e-4a27-9ac0-d5bda9783033,1845,3.2774,114373
2025-12-29_VeSkipGates,7f9448a2-e58d-4bb2-a868-996d41287fd5,0,10.8273,0
2025-12-29_VeSkipGates,7f9448a2-e58d-4bb2-a868-996d41287fd5,250,4.599,8683
2025-12-29_VeSkipGates,7f9448a2-e58d-4bb2-a868-996d41287fd5,500,4.2887,17250
2025-12-29_VeSkipGates,7f9448a2-e58d-4bb2-a868-996d41287fd5,750,4.0129,29893
2025-12-29_VeSkipGates,7f9448a2-e58d-4bb2-a868-996d41287fd5,1000,3.7737,45319
2025-12-29_VeSkipGates,7f9448a2-e58d-4bb2-a868-996d41287fd5,1250,3.5335,61954
2025-12-29_VeSkipGates,7f9448a2-e58d-4bb2-a868-996d41287fd5,1500,3.4029,83973
2025-12-29_VeSkipGates,7f9448a2-e58d-4bb2-a868-996d41287fd5,1750,3.3044,105975
2025-12-29_VeSkipGates,7f9448a2-e58d-4bb2-a868-996d41287fd5,1845,3.2779,114343
2025-12-29_VeSkipGates,6df58830-05f6-4dd5-9136-2b3828f70859,0,10.83,0
2025-12-29_VeSkipGates,6df58830-05f6-4dd5-9136-2b3828f70859,250,4.6095,8823
2025-12-29_VeSkipGates,6df58830-05f6-4dd5-9136-2b3828f70859,500,4.2937,17384
2025-12-29_VeSkipGates,6df58830-05f6-4dd5-9136-2b3828f70859,750,4.0267,30012
2025-12-29_VeSkipGates,6df58830-05f6-4dd5-9136-2b3828f70859,1000,3.785,45434
2025-12-29_VeSkipGates,6df58830-05f6-4dd5-9136-2b3828f70859,1250,3.5358,62069
2025-12-29_VeSkipGates,6df58830-05f6-4dd5-9136-2b3828f70859,1500,3.4051,84066
2025-12-29_VeSkipGates,6df58830-05f6-4dd5-9136-2b3828f70859,1750,3.3063,106084
2025-12-29_VeSkipGates,6df58830-05f6-4dd5-9136-2b3828f70859,1845,3.2795,114464
2025-12-29_VeSkipGates,ac4f65ee-0334-49dd-b23b-579871f81718,0,10.8307,0
2025-12-29_VeSkipGates,ac4f65ee-0334-49dd-b23b-579871f81718,250,4.6164,8690
2025-12-29_VeSkipGates,ac4f65ee-0334-49dd-b23b-579871f81718,500,4.2912,17268
2025-12-29_VeSkipGates,ac4f65ee-0334-49dd-b23b-579871f81718,750,4.0336,29893
2025-12-29_VeSkipGates,ac4f65ee-0334-49dd-b23b-579871f81718,1000,3.7719,45322
2025-12-29_VeSkipGates,ac4f65ee-0334-49dd-b23b-579871f81718,1250,3.539,61959
2025-12-29_VeSkipGates,ac4f65ee-0334-49dd-b23b-579871f81718,1500,3.4054,83951
2025-12-29_VeSkipGates,ac4f65ee-0334-49dd-b23b-579871f81718,1750,3.3053,106024
2025-12-29_VeSkipGates,ac4f65ee-0334-49dd-b23b-579871f81718,1845,3.2792,114401
2025-12-26_LogitRescale,3db11f2b-130b-482b-8a60-5329194ae2c3,0,10.8302,0
2025-12-26_LogitRescale,3db11f2b-130b-482b-8a60-5329194ae2c3,250,4.6095,8718
2025-12-26_LogitRescale,3db11f2b-130b-482b-8a60-5329194ae2c3,500,4.2758,17240
2025-12-26_LogitRescale,3db11f2b-130b-482b-8a60-5329194ae2c3,750,4.0254,29517
2025-12-26_LogitRescale,3db11f2b-130b-482b-8a60-5329194ae2c3,1000,3.768,44923
2025-12-26_LogitRescale,3db11f2b-130b-482b-8a60-5329194ae2c3,1250,3.532,60923
2025-12-26_LogitRescale,3db11f2b-130b-482b-8a60-5329194ae2c3,1500,3.4074,82952
2025-12-26_LogitRescale,3db11f2b-130b-482b-8a60-5329194ae2c3,1750,3.3132,104990
2025-12-26_LogitRescale,3db11f2b-130b-482b-8a60-5329194ae2c3,1880,3.2793,116483
2025-12-26_LogitRescale,b4f9ec1f-9edd-4db7-904a-9a17e7eb9052,0,10.8283,0
2025-12-26_LogitRescale,b4f9ec1f-9edd-4db7-904a-9a17e7eb9052,250,4.5953,8699
2025-12-26_LogitRescale,b4f9ec1f-9edd-4db7-904a-9a17e7eb9052,500,4.2865,17204
2025-12-26_LogitRescale,b4f9ec1f-9edd-4db7-904a-9a17e7eb9052,750,4.0299,29467
2025-12-26_LogitRescale,b4f9ec1f-9edd-4db7-904a-9a17e7eb9052,1000,3.769,44865
2025-12-26_LogitRescale,b4f9ec1f-9edd-4db7-904a-9a17e7eb9052,1250,3.5341,60872
2025-12-26_LogitRescale,b4f9ec1f-9edd-4db7-904a-9a17e7eb9052,1500,3.4081,82884
2025-12-26_LogitRescale,b4f9ec1f-9edd-4db7-904a-9a17e7eb9052,1750,3.314,104929
2025-12-26_LogitRescale,b4f9ec1f-9edd-4db7-904a-9a17e7eb9052,1880,3.2794,116405
2025-12-26_LogitRescale,93871409-ed9d-42a0-8ec6-7f0283fe252b,0,10.8307,0
2025-12-26_LogitRescale,93871409-ed9d-42a0-8ec6-7f0283fe252b,250,4.6018,8709
2025-12-26_LogitRescale,93871409-ed9d-42a0-8ec6-7f0283fe252b,500,4.2779,17214
2025-12-26_LogitRescale,93871409-ed9d-42a0-8ec6-7f0283fe252b,750,4.0178,29480
2025-12-26_LogitRescale,93871409-ed9d-42a0-8ec6-7f0283fe252b,1000,3.7697,44852
2025-12-26_LogitRescale,93871409-ed9d-42a0-8ec6-7f0283fe252b,1250,3.5341,60841
2025-12-26_LogitRescale,93871409-ed9d-42a0-8ec6-7f0283fe252b,1500,3.408,82850
2025-12-26_LogitRescale,93871409-ed9d-42a0-8ec6-7f0283fe252b,1750,3.3138,104877
2025-12-26_LogitRescale,93871409-ed9d-42a0-8ec6-7f0283fe252b,1880,3.2793,116360
2025-12-26_LogitRescale,985b9ed5-0523-4a58-9138-4494241b6429,0,10.8279,0
2025-12-26_LogitRescale,985b9ed5-0523-4a58-9138-4494241b6429,250,4.6324,8702
2025-12-26_LogitRescale,985b9ed5-0523-4a58-9138-4494241b6429,500,4.2848,17203
2025-12-26_LogitRescale,985b9ed5-0523-4a58-9138-4494241b6429,750,4.0225,29469
2025-12-26_LogitRescale,985b9ed5-0523-4a58-9138-4494241b6429,1000,3.7806,44894
2025-12-26_LogitRescale,985b9ed5-0523-4a58-9138-4494241b6429,1250,3.5387,60890
2025-12-26_LogitRescale,985b9ed5-0523-4a58-9138-4494241b6429,1500,3.4105,82901
2025-12-26_LogitRescale,985b9ed5-0523-4a58-9138-4494241b6429,1750,3.3152,104933
2025-12-26_LogitRescale,985b9ed5-0523-4a58-9138-4494241b6429,1880,3.2803,116402
2025-12-26_LogitRescale,03e41c2d-2951-4546-a599-24cd723247fc,0,10.8283,0
2025-12-26_LogitRescale,03e41c2d-2951-4546-a599-24cd723247fc,250,4.617,8728
2025-12-26_LogitRescale,03e41c2d-2951-4546-a599-24cd723247fc,500,4.2989,17245
2025-12-26_LogitRescale,03e41c2d-2951-4546-a599-24cd723247fc,750,4.0196,29518
2025-12-26_LogitRescale,03e41c2d-2951-4546-a599-24cd723247fc,1000,3.7774,44941
2025-12-26_LogitRescale,03e41c2d-2951-4546-a599-24cd723247fc,1250,3.5374,60984
2025-12-26_LogitRescale,03e41c2d-2951-4546-a599-24cd723247fc,1500,3.4077,82996
2025-12-26_LogitRescale,03e41c2d-2951-4546-a599-24cd723247fc,1750,3.3127,105047
2025-12-26_LogitRescale,03e41c2d-2951-4546-a599-24cd723247fc,1880,3.2778,116536
2025-12-26_LogitRescale,2608f37b-6c23-47d3-b0c8-bd7da0211539,0,10.8258,0
2025-12-26_LogitRescale,2608f37b-6c23-47d3-b0c8-bd7da0211539,250,4.6338,8597
2025-12-26_LogitRescale,2608f37b-6c23-47d3-b0c8-bd7da0211539,500,4.3007,17100
2025-12-26_LogitRescale,2608f37b-6c23-47d3-b0c8-bd7da0211539,750,4.0278,29351
2025-12-26_LogitRescale,2608f37b-6c23-47d3-b0c8-bd7da0211539,1000,3.7733,44770
2025-12-26_LogitRescale,2608f37b-6c23-47d3-b0c8-bd7da0211539,1250,3.5356,60825
2025-12-26_LogitRescale,2608f37b-6c23-47d3-b0c8-bd7da0211539,1500,3.4089,82857
2025-12-26_LogitRescale,2608f37b-6c23-47d3-b0c8-bd7da0211539,1750,3.3139,104885
2025-12-26_LogitRescale,2608f37b-6c23-47d3-b0c8-bd7da0211539,1880,3.2799,116359
2025-12-26_LogitRescale,631a1463-8ee3-4a9b-81c9-79dd7ed0df7d,0,10.8307,0
2025-12-26_LogitRescale,631a1463-8ee3-4a9b-81c9-79dd7ed0df7d,250,4.6288,8596
2025-12-26_LogitRescale,631a1463-8ee3-4a9b-81c9-79dd7ed0df7d,500,4.2879,17106
2025-12-26_LogitRescale,631a1463-8ee3-4a9b-81c9-79dd7ed0df7d,750,4.0214,29381
2025-12-26_LogitRescale,631a1463-8ee3-4a9b-81c9-79dd7ed0df7d,1000,3.7732,44768
2025-12-26_LogitRescale,631a1463-8ee3-4a9b-81c9-79dd7ed0df7d,1250,3.5346,60778
2025-12-26_LogitRescale,631a1463-8ee3-4a9b-81c9-79dd7ed0df7d,1500,3.4087,82799
2025-12-26_LogitRescale,631a1463-8ee3-4a9b-81c9-79dd7ed0df7d,1750,3.3131,104834
2025-12-26_LogitRescale,631a1463-8ee3-4a9b-81c9-79dd7ed0df7d,1880,3.2777,116313
2025-12-26_LogitRescale,c3c6ed4f-4606-479b-8337-c087197357cc,0,10.8309,0
2025-12-26_LogitRescale,c3c6ed4f-4606-479b-8337-c087197357cc,250,4.5975,8686
2025-12-26_LogitRescale,c3c6ed4f-4606-479b-8337-c087197357cc,500,4.2781,17191
2025-12-26_LogitRescale,c3c6ed4f-4606-479b-8337-c087197357cc,750,4.0227,29449
2025-12-26_LogitRescale,c3c6ed4f-4606-479b-8337-c087197357cc,1000,3.7719,44814
2025-12-26_LogitRescale,c3c6ed4f-4606-479b-8337-c087197357cc,1250,3.5313,60788
2025-12-26_LogitRescale,c3c6ed4f-4606-479b-8337-c087197357cc,1500,3.4056,82796
2025-12-26_LogitRescale,c3c6ed4f-4606-479b-8337-c087197357cc,1750,3.3115,104832
2025-12-26_LogitRescale,c3c6ed4f-4606-479b-8337-c087197357cc,1880,3.277,116300
2025-12-26_LogitRescale,1708cbc2-c207-40ab-8aef-d5f64b1ece0f,0,10.8295,0
2025-12-26_LogitRescale,1708cbc2-c207-40ab-8aef-d5f64b1ece0f,250,4.6103,8724
2025-12-26_LogitRescale,1708cbc2-c207-40ab-8aef-d5f64b1ece0f,500,4.2834,17245
2025-12-26_LogitRescale,1708cbc2-c207-40ab-8aef-d5f64b1ece0f,750,4.0267,29523
2025-12-26_LogitRescale,1708cbc2-c207-40ab-8aef-d5f64b1ece0f,1000,3.7748,44949
2025-12-26_LogitRescale,1708cbc2-c207-40ab-8aef-d5f64b1ece0f,1250,3.5327,60953
2025-12-26_LogitRescale,1708cbc2-c207-40ab-8aef-d5f64b1ece0f,1500,3.407,83002
2025-12-26_LogitRescale,1708cbc2-c207-40ab-8aef-d5f64b1ece0f,1750,3.3123,105041
2025-12-26_LogitRescale,1708cbc2-c207-40ab-8aef-d5f64b1ece0f,1880,3.2784,116521
2025-12-22_MultiTokenPrediction,47203955-553c-4ae4-8a13-3233332993ac,0,10.8305,0
2025-12-22_MultiTokenPrediction,47203955-553c-4ae4-8a13-3233332993ac,250,4.606,8692
2025-12-22_MultiTokenPrediction,47203955-553c-4ae4-8a13-3233332993ac,500,4.2962,17272
2025-12-22_MultiTokenPrediction,47203955-553c-4ae4-8a13-3233332993ac,750,4.0452,29299
2025-12-22_MultiTokenPrediction,47203955-553c-4ae4-8a13-3233332993ac,1000,3.7785,44896
2025-12-22_MultiTokenPrediction,47203955-553c-4ae4-8a13-3233332993ac,1250,3.5529,60506
2025-12-22_MultiTokenPrediction,47203955-553c-4ae4-8a13-3233332993ac,1500,3.4146,82542
2025-12-22_MultiTokenPrediction,47203955-553c-4ae4-8a13-3233332993ac,1750,3.3233,104714
2025-12-22_MultiTokenPrediction,47203955-553c-4ae4-8a13-3233332993ac,1920,3.2783,119794
2025-12-22_MultiTokenPrediction,edd99219-c94d-4570-bbde-51326b013aaa,0,10.8374,0
2025-12-22_MultiTokenPrediction,edd99219-c94d-4570-bbde-51326b013aaa,250,4.5985,8700
2025-12-22_MultiTokenPrediction,edd99219-c94d-4570-bbde-51326b013aaa,500,4.2881,17286
2025-12-22_MultiTokenPrediction,edd99219-c94d-4570-bbde-51326b013aaa,750,4.0319,29311
2025-12-22_MultiTokenPrediction,edd99219-c94d-4570-bbde-51326b013aaa,1000,3.781,44912
2025-12-22_MultiTokenPrediction,edd99219-c94d-4570-bbde-51326b013aaa,1250,3.5535,60521
2025-12-22_MultiTokenPrediction,edd99219-c94d-4570-bbde-51326b013aaa,1500,3.4157,82573
2025-12-22_MultiTokenPrediction,edd99219-c94d-4570-bbde-51326b013aaa,1750,3.3243,104759
2025-12-22_MultiTokenPrediction,edd99219-c94d-4570-bbde-51326b013aaa,1920,3.2797,119865
2025-12-22_MultiTokenPrediction,e1f005b4-1f03-49c5-917a-929229d45d17,0,10.8345,0
2025-12-22_MultiTokenPrediction,e1f005b4-1f03-49c5-917a-929229d45d17,250,4.6125,8682
2025-12-22_MultiTokenPrediction,e1f005b4-1f03-49c5-917a-929229d45d17,500,4.2971,17272
2025-12-22_MultiTokenPrediction,e1f005b4-1f03-49c5-917a-929229d45d17,750,4.0432,29297
2025-12-22_MultiTokenPrediction,e1f005b4-1f03-49c5-917a-929229d45d17,1000,3.7807,44892
2025-12-22_MultiTokenPrediction,e1f005b4-1f03-49c5-917a-929229d45d17,1250,3.5527,60495
2025-12-22_MultiTokenPrediction,e1f005b4-1f03-49c5-917a-929229d45d17,1500,3.4158,82511
2025-12-22_MultiTokenPrediction,e1f005b4-1f03-49c5-917a-929229d45d17,1750,3.324,104653
2025-12-22_MultiTokenPrediction,e1f005b4-1f03-49c5-917a-929229d45d17,1920,3.2789,119726
2025-12-22_MultiTokenPrediction,17aaf854-f338-4d0d-9767-a5db30fd7980,0,10.8367,0
2025-12-22_MultiTokenPrediction,17aaf854-f338-4d0d-9767-a5db30fd7980,250,4.6043,8677
2025-12-22_MultiTokenPrediction,17aaf854-f338-4d0d-9767-a5db30fd7980,500,4.2912,17249
2025-12-22_MultiTokenPrediction,17aaf854-f338-4d0d-9767-a5db30fd7980,750,4.0367,29267
2025-12-22_MultiTokenPrediction,17aaf854-f338-4d0d-9767-a5db30fd7980,1000,3.7817,44867
2025-12-22_MultiTokenPrediction,17aaf854-f338-4d0d-9767-a5db30fd7980,1250,3.5556,60469
2025-12-22_MultiTokenPrediction,17aaf854-f338-4d0d-9767-a5db30fd7980,1500,3.4137,82477
2025-12-22_MultiTokenPrediction,17aaf854-f338-4d0d-9767-a5db30fd7980,1750,3.3232,104615
2025-12-22_MultiTokenPrediction,17aaf854-f338-4d0d-9767-a5db30fd7980,1920,3.2783,119694
2025-12-22_MultiTokenPrediction,a2dcfeb4-1a4a-484d-a750-f2808bb27278,0,10.8332,0
2025-12-22_MultiTokenPrediction,a2dcfeb4-1a4a-484d-a750-f2808bb27278,250,4.6141,8677
2025-12-22_MultiTokenPrediction,a2dcfeb4-1a4a-484d-a750-f2808bb27278,500,4.2871,17254
2025-12-22_MultiTokenPrediction,a2dcfeb4-1a4a-484d-a750-f2808bb27278,750,4.0467,29274
2025-12-22_MultiTokenPrediction,a2dcfeb4-1a4a-484d-a750-f2808bb27278,1000,3.7784,44866
2025-12-22_MultiTokenPrediction,a2dcfeb4-1a4a-484d-a750-f2808bb27278,1250,3.5528,60475
2025-12-22_MultiTokenPrediction,a2dcfeb4-1a4a-484d-a750-f2808bb27278,1500,3.4139,82517
2025-12-22_MultiTokenPrediction,a2dcfeb4-1a4a-484d-a750-f2808bb27278,1750,3.3222,104676
2025-12-22_MultiTokenPrediction,a2dcfeb4-1a4a-484d-a750-f2808bb27278,1920,3.2776,119760
2025-12-22_MultiTokenPrediction,f6b9e6cb-4548-4955-8814-32ff01709873,0,10.8379,0
2025-12-22_MultiTokenPrediction,f6b9e6cb-4548-4955-8814-32ff01709873,250,4.6194,8687
2025-12-22_MultiTokenPrediction,f6b9e6cb-4548-4955-8814-32ff01709873,500,4.2939,17261
2025-12-22_MultiTokenPrediction,f6b9e6cb-4548-4955-8814-32ff01709873,750,4.0469,29262
2025-12-22_MultiTokenPrediction,f6b9e6cb-4548-4955-8814-32ff01709873,1000,3.7832,44830
2025-12-22_MultiTokenPrediction,f6b9e6cb-4548-4955-8814-32ff01709873,1250,3.5555,60412
2025-12-22_MultiTokenPrediction,f6b9e6cb-4548-4955-8814-32ff01709873,1500,3.4146,82414
2025-12-22_MultiTokenPrediction,f6b9e6cb-4548-4955-8814-32ff01709873,1750,3.324,104531
2025-12-22_MultiTokenPrediction,f6b9e6cb-4548-4955-8814-32ff01709873,1920,3.2794,119578
2025-12-22_MultiTokenPrediction,a61a0bef-bfc3-4bac-946f-0f235dab3fca,0,10.8367,0
2025-12-22_MultiTokenPrediction,a61a0bef-bfc3-4bac-946f-0f235dab3fca,250,4.6268,8685
2025-12-22_MultiTokenPrediction,a61a0bef-bfc3-4bac-946f-0f235dab3fca,500,4.2945,17281
2025-12-22_MultiTokenPrediction,a61a0bef-bfc3-4bac-946f-0f235dab3fca,750,4.0422,29309
2025-12-22_MultiTokenPrediction,a61a0bef-bfc3-4bac-946f-0f235dab3fca,1000,3.7787,44902
2025-12-22_MultiTokenPrediction,a61a0bef-bfc3-4bac-946f-0f235dab3fca,1250,3.5539,60518
2025-12-22_MultiTokenPrediction,a61a0bef-bfc3-4bac-946f-0f235dab3fca,1500,3.4153,82557
2025-12-22_MultiTokenPrediction,a61a0bef-bfc3-4bac-946f-0f235dab3fca,1750,3.3235,104724
2025-12-22_MultiTokenPrediction,a61a0bef-bfc3-4bac-946f-0f235dab3fca,1920,3.2781,119801
2025-12-22_MultiTokenPrediction,2a7c6023-7252-45f5-9699-d56e732ce7c4,0,10.8339,0
2025-12-22_MultiTokenPrediction,2a7c6023-7252-45f5-9699-d56e732ce7c4,250,4.63,8709
2025-12-22_MultiTokenPrediction,2a7c6023-7252-45f5-9699-d56e732ce7c4,500,4.2912,17293
2025-12-22_MultiTokenPrediction,2a7c6023-7252-45f5-9699-d56e732ce7c4,750,4.0487,29328
2025-12-22_MultiTokenPrediction,2a7c6023-7252-45f5-9699-d56e732ce7c4,1000,3.7779,44929
2025-12-22_MultiTokenPrediction,2a7c6023-7252-45f5-9699-d56e732ce7c4,1250,3.5552,60542
2025-12-22_MultiTokenPrediction,2a7c6023-7252-45f5-9699-d56e732ce7c4,1500,3.4166,82578
2025-12-22_MultiTokenPrediction,2a7c6023-7252-45f5-9699-d56e732ce7c4,1750,3.3257,104728
2025-12-22_MultiTokenPrediction,2a7c6023-7252-45f5-9699-d56e732ce7c4,1920,3.2809,119820
2025-12-22_MultiTokenPrediction,6d6b0f50-fa5d-4e0d-bc7d-3ac42cc901f7,0,10.8342,0
2025-12-22_MultiTokenPrediction,6d6b0f50-fa5d-4e0d-bc7d-3ac42cc901f7,250,4.6138,8711
2025-12-22_MultiTokenPrediction,6d6b0f50-fa5d-4e0d-bc7d-3ac42cc901f7,500,4.2996,17308
2025-12-22_MultiTokenPrediction,6d6b0f50-fa5d-4e0d-bc7d-3ac42cc901f7,750,4.0443,29328
2025-12-22_MultiTokenPrediction,6d6b0f50-fa5d-4e0d-bc7d-3ac42cc901f7,1000,3.789,44922
2025-12-22_MultiTokenPrediction,6d6b0f50-fa5d-4e0d-bc7d-3ac42cc901f7,1250,3.553,60532
2025-12-22_MultiTokenPrediction,6d6b0f50-fa5d-4e0d-bc7d-3ac42cc901f7,1500,3.4147,82573
2025-12-22_MultiTokenPrediction,6d6b0f50-fa5d-4e0d-bc7d-3ac42cc901f7,1750,3.3234,104723
2025-12-22_MultiTokenPrediction,6d6b0f50-fa5d-4e0d-bc7d-3ac42cc901f7,1920,3.2787,119811
2025-12-22_MultiTokenPrediction,41469f70-a95c-4612-b0fa-373a5665ffff,0,10.8368,0
2025-12-22_MultiTokenPrediction,41469f70-a95c-4612-b0fa-373a5665ffff,250,4.6157,8680
2025-12-22_MultiTokenPrediction,41469f70-a95c-4612-b0fa-373a5665ffff,500,4.2973,17261
2025-12-22_MultiTokenPrediction,41469f70-a95c-4612-b0fa-373a5665ffff,750,4.0349,29290
2025-12-22_MultiTokenPrediction,41469f70-a95c-4612-b0fa-373a5665ffff,1000,3.7758,44885
2025-12-22_MultiTokenPrediction,41469f70-a95c-4612-b0fa-373a5665ffff,1250,3.553,60503
2025-12-22_MultiTokenPrediction,41469f70-a95c-4612-b0fa-373a5665ffff,1500,3.4151,82523
2025-12-22_MultiTokenPrediction,41469f70-a95c-4612-b0fa-373a5665ffff,1750,3.3233,104691
2025-12-22_MultiTokenPrediction,41469f70-a95c-4612-b0fa-373a5665ffff,1920,3.2784,119762
2025-12-22_MultiTokenPrediction,a997a8c6-6808-43ed-ab93-9d13b30e3fbc,0,10.8352,0
2025-12-22_MultiTokenPrediction,a997a8c6-6808-43ed-ab93-9d13b30e3fbc,250,4.6218,8698
2025-12-22_MultiTokenPrediction,a997a8c6-6808-43ed-ab93-9d13b30e3fbc,500,4.2806,17294
2025-12-22_MultiTokenPrediction,a997a8c6-6808-43ed-ab93-9d13b30e3fbc,750,4.0419,29341
2025-12-22_MultiTokenPrediction,a997a8c6-6808-43ed-ab93-9d13b30e3fbc,1000,3.7733,44955
2025-12-22_MultiTokenPrediction,a997a8c6-6808-43ed-ab93-9d13b30e3fbc,1250,3.5506,60580
2025-12-22_MultiTokenPrediction,a997a8c6-6808-43ed-ab93-9d13b30e3fbc,1500,3.4139,82637
2025-12-22_MultiTokenPrediction,a997a8c6-6808-43ed-ab93-9d13b30e3fbc,1750,3.3227,104818
2025-12-22_MultiTokenPrediction,a997a8c6-6808-43ed-ab93-9d13b30e3fbc,1920,3.278,119923
2025-12-22_MultiTokenPrediction,ce3dc9a6-6bfc-4f0b-bc06-fc92dec9f72c,0,10.8406,0
2025-12-22_MultiTokenPrediction,ce3dc9a6-6bfc-4f0b-bc06-fc92dec9f72c,250,4.6107,8692
2025-12-22_MultiTokenPrediction,ce3dc9a6-6bfc-4f0b-bc06-fc92dec9f72c,500,4.2925,17266
2025-12-22_MultiTokenPrediction,ce3dc9a6-6bfc-4f0b-bc06-fc92dec9f72c,750,4.0318,29298
2025-12-22_MultiTokenPrediction,ce3dc9a6-6bfc-4f0b-bc06-fc92dec9f72c,1000,3.7832,44888
2025-12-22_MultiTokenPrediction,ce3dc9a6-6bfc-4f0b-bc06-fc92dec9f72c,1250,3.5548,60492
2025-12-22_MultiTokenPrediction,ce3dc9a6-6bfc-4f0b-bc06-fc92dec9f72c,1500,3.416,82526
2025-12-22_MultiTokenPrediction,ce3dc9a6-6bfc-4f0b-bc06-fc92dec9f72c,1750,3.3245,104667
2025-12-22_MultiTokenPrediction,ce3dc9a6-6bfc-4f0b-bc06-fc92dec9f72c,1920,3.2798,119754
2025-12-22_MultiTokenPrediction,f0aa7418-231d-444a-96cb-95e8663e0e16,0,10.8365,0
2025-12-22_MultiTokenPrediction,f0aa7418-231d-444a-96cb-95e8663e0e16,250,4.6003,8695
2025-12-22_MultiTokenPrediction,f0aa7418-231d-444a-96cb-95e8663e0e16,500,4.2991,17266
2025-12-22_MultiTokenPrediction,f0aa7418-231d-444a-96cb-95e8663e0e16,750,4.0395,29273
2025-12-22_MultiTokenPrediction,f0aa7418-231d-444a-96cb-95e8663e0e16,1000,3.7787,44866
2025-12-22_MultiTokenPrediction,f0aa7418-231d-444a-96cb-95e8663e0e16,1250,3.5525,60466
2025-12-22_MultiTokenPrediction,f0aa7418-231d-444a-96cb-95e8663e0e16,1500,3.4152,82482
2025-12-22_MultiTokenPrediction,f0aa7418-231d-444a-96cb-95e8663e0e16,1750,3.3236,104611
2025-12-22_MultiTokenPrediction,f0aa7418-231d-444a-96cb-95e8663e0e16,1920,3.2795,119685
2025-12-22_MultiTokenPrediction,b188bd32-6854-4a55-90f0-9f3cf0386087,0,10.8353,0
2025-12-22_MultiTokenPrediction,b188bd32-6854-4a55-90f0-9f3cf0386087,250,4.6026,8675
2025-12-22_MultiTokenPrediction,b188bd32-6854-4a55-90f0-9f3cf0386087,500,4.2915,17262
2025-12-22_MultiTokenPrediction,b188bd32-6854-4a55-90f0-9f3cf0386087,750,4.0522,29273
2025-12-22_MultiTokenPrediction,b188bd32-6854-4a55-90f0-9f3cf0386087,1000,3.7714,44863
2025-12-22_MultiTokenPrediction,b188bd32-6854-4a55-90f0-9f3cf0386087,1250,3.5508,60459
2025-12-22_MultiTokenPrediction,b188bd32-6854-4a55-90f0-9f3cf0386087,1500,3.4122,82460
2025-12-22_MultiTokenPrediction,b188bd32-6854-4a55-90f0-9f3cf0386087,1750,3.3213,104610
2025-12-22_MultiTokenPrediction,b188bd32-6854-4a55-90f0-9f3cf0386087,1920,3.2768,119677
2025-12-19_RetieLMHead,61fc76f6-0ef5-4807-b3dd-bb97d1aed86a,0,10.8334,0
2025-12-19_RetieLMHead,61fc76f6-0ef5-4807-b3dd-bb97d1aed86a,250,4.2593,8510
2025-12-19_RetieLMHead,61fc76f6-0ef5-4807-b3dd-bb97d1aed86a,500,3.9974,16754
2025-12-19_RetieLMHead,61fc76f6-0ef5-4807-b3dd-bb97d1aed86a,750,3.8347,27312
2025-12-19_RetieLMHead,61fc76f6-0ef5-4807-b3dd-bb97d1aed86a,1000,3.684,42322
2025-12-19_RetieLMHead,61fc76f6-0ef5-4807-b3dd-bb97d1aed86a,1250,3.5681,57340
2025-12-19_RetieLMHead,61fc76f6-0ef5-4807-b3dd-bb97d1aed86a,1500,3.4522,77042
2025-12-19_RetieLMHead,61fc76f6-0ef5-4807-b3dd-bb97d1aed86a,1750,3.3575,98968
2025-12-19_RetieLMHead,61fc76f6-0ef5-4807-b3dd-bb97d1aed86a,2000,3.2839,120887
2025-12-19_RetieLMHead,61fc76f6-0ef5-4807-b3dd-bb97d1aed86a,2035,3.2767,123970
2025-12-19_RetieLMHead,0828d309-ecfe-4442-9ee9-68fed3a4b599,0,10.8369,0
2025-12-19_RetieLMHead,0828d309-ecfe-4442-9ee9-68fed3a4b599,250,4.2657,8486
2025-12-19_RetieLMHead,0828d309-ecfe-4442-9ee9-68fed3a4b599,500,4.0017,16728
2025-12-19_RetieLMHead,0828d309-ecfe-4442-9ee9-68fed3a4b599,750,3.8428,27267
2025-12-19_RetieLMHead,0828d309-ecfe-4442-9ee9-68fed3a4b599,1000,3.6846,42259
2025-12-19_RetieLMHead,0828d309-ecfe-4442-9ee9-68fed3a4b599,1250,3.5677,57268
2025-12-19_RetieLMHead,0828d309-ecfe-4442-9ee9-68fed3a4b599,1500,3.4545,76952
2025-12-19_RetieLMHead,0828d309-ecfe-4442-9ee9-68fed3a4b599,1750,3.3569,98872
2025-12-19_RetieLMHead,0828d309-ecfe-4442-9ee9-68fed3a4b599,2000,3.2847,120774
2025-12-19_RetieLMHead,0828d309-ecfe-4442-9ee9-68fed3a4b599,2035,3.2777,123853
2025-12-19_RetieLMHead,23617c6f-69ca-49a0-9921-c0cff99e03e6,0,10.8352,0
2025-12-19_RetieLMHead,23617c6f-69ca-49a0-9921-c0cff99e03e6,250,4.2606,8490
2025-12-19_RetieLMHead,23617c6f-69ca-49a0-9921-c0cff99e03e6,500,3.9943,16746
2025-12-19_RetieLMHead,23617c6f-69ca-49a0-9921-c0cff99e03e6,750,3.831,27299
2025-12-19_RetieLMHead,23617c6f-69ca-49a0-9921-c0cff99e03e6,1000,3.6838,42295
2025-12-19_RetieLMHead,23617c6f-69ca-49a0-9921-c0cff99e03e6,1250,3.5695,57310
2025-12-19_RetieLMHead,23617c6f-69ca-49a0-9921-c0cff99e03e6,1500,3.4543,77007
2025-12-19_RetieLMHead,23617c6f-69ca-49a0-9921-c0cff99e03e6,1750,3.3574,98935
2025-12-19_RetieLMHead,23617c6f-69ca-49a0-9921-c0cff99e03e6,2000,3.2843,120848
2025-12-19_RetieLMHead,23617c6f-69ca-49a0-9921-c0cff99e03e6,2035,3.2776,123929
2025-12-19_RetieLMHead,3a62e6bd-f09d-4e65-bb9e-c500df2c6acf,0,10.8358,0
2025-12-19_RetieLMHead,3a62e6bd-f09d-4e65-bb9e-c500df2c6acf,250,4.2579,8495
2025-12-19_RetieLMHead,3a62e6bd-f09d-4e65-bb9e-c500df2c6acf,500,3.9958,16749
2025-12-19_RetieLMHead,3a62e6bd-f09d-4e65-bb9e-c500df2c6acf,750,3.8279,27292
2025-12-19_RetieLMHead,3a62e6bd-f09d-4e65-bb9e-c500df2c6acf,1000,3.6844,42301
2025-12-19_RetieLMHead,3a62e6bd-f09d-4e65-bb9e-c500df2c6acf,1250,3.5732,57309
2025-12-19_RetieLMHead,3a62e6bd-f09d-4e65-bb9e-c500df2c6acf,1500,3.4582,77012
2025-12-19_RetieLMHead,3a62e6bd-f09d-4e65-bb9e-c500df2c6acf,1750,3.3597,98938
2025-12-19_RetieLMHead,3a62e6bd-f09d-4e65-bb9e-c500df2c6acf,2000,3.2863,120852
2025-12-19_RetieLMHead,3a62e6bd-f09d-4e65-bb9e-c500df2c6acf,2035,3.2792,123933
2025-12-19_RetieLMHead,f6aa788d-0a5b-4598-8639-7be569259ce0,0,10.8336,0
2025-12-19_RetieLMHead,f6aa788d-0a5b-4598-8639-7be569259ce0,250,4.2649,8499
2025-12-19_RetieLMHead,f6aa788d-0a5b-4598-8639-7be569259ce0,500,3.9985,16756
2025-12-19_RetieLMHead,f6aa788d-0a5b-4598-8639-7be569259ce0,750,3.8294,27313
2025-12-19_RetieLMHead,f6aa788d-0a5b-4598-8639-7be569259ce0,1000,3.6831,42305
2025-12-19_RetieLMHead,f6aa788d-0a5b-4598-8639-7be569259ce0,1250,3.5703,57301
2025-12-19_RetieLMHead,f6aa788d-0a5b-4598-8639-7be569259ce0,1500,3.4552,77018
2025-12-19_RetieLMHead,f6aa788d-0a5b-4598-8639-7be569259ce0,1750,3.3576,98949
2025-12-19_RetieLMHead,f6aa788d-0a5b-4598-8639-7be569259ce0,2000,3.2847,120877
2025-12-19_RetieLMHead,f6aa788d-0a5b-4598-8639-7be569259ce0,2035,3.277,123964
2025-12-19_RetieLMHead,101c8469-e622-4ce8-b795-4f15f6d98969,0,10.8318,0
2025-12-19_RetieLMHead,101c8469-e622-4ce8-b795-4f15f6d98969,250,4.274,8498
2025-12-19_RetieLMHead,101c8469-e622-4ce8-b795-4f15f6d98969,500,4.0003,16742
2025-12-19_RetieLMHead,101c8469-e622-4ce8-b795-4f15f6d98969,750,3.8275,27295
2025-12-19_RetieLMHead,101c8469-e622-4ce8-b795-4f15f6d98969,1000,3.6877,42308
2025-12-19_RetieLMHead,101c8469-e622-4ce8-b795-4f15f6d98969,1250,3.5705,57322
2025-12-19_RetieLMHead,101c8469-e622-4ce8-b795-4f15f6d98969,1500,3.4542,77034
2025-12-19_RetieLMHead,101c8469-e622-4ce8-b795-4f15f6d98969,1750,3.3587,98964
2025-12-19_RetieLMHead,101c8469-e622-4ce8-b795-4f15f6d98969,2000,3.2859,120884
2025-12-19_RetieLMHead,101c8469-e622-4ce8-b795-4f15f6d98969,2035,3.279,123969
2025-12-19_RetieLMHead,e718acd9-b2c7-4990-833e-598cbf0196dd,0,10.836,0
2025-12-19_RetieLMHead,e718acd9-b2c7-4990-833e-598cbf0196dd,250,4.2632,8491
2025-12-19_RetieLMHead,e718acd9-b2c7-4990-833e-598cbf0196dd,500,3.9937,16743
2025-12-19_RetieLMHead,e718acd9-b2c7-4990-833e-598cbf0196dd,750,3.8426,27284
2025-12-19_RetieLMHead,e718acd9-b2c7-4990-833e-598cbf0196dd,1000,3.6812,42276
2025-12-19_RetieLMHead,e718acd9-b2c7-4990-833e-598cbf0196dd,1250,3.5678,57286
2025-12-19_RetieLMHead,e718acd9-b2c7-4990-833e-598cbf0196dd,1500,3.4535,76984
2025-12-19_RetieLMHead,e718acd9-b2c7-4990-833e-598cbf0196dd,1750,3.3558,98906
2025-12-19_RetieLMHead,e718acd9-b2c7-4990-833e-598cbf0196dd,2000,3.2837,120831
2025-12-19_RetieLMHead,e718acd9-b2c7-4990-833e-598cbf0196dd,2035,3.2763,123914
2025-12-19_RetieLMHead,5a535ef6-1bec-447c-93d2-b43ad057978c,0,10.8372,0
2025-12-19_RetieLMHead,5a535ef6-1bec-447c-93d2-b43ad057978c,250,4.2856,8500
2025-12-19_RetieLMHead,5a535ef6-1bec-447c-93d2-b43ad057978c,500,4.0033,16749
2025-12-19_RetieLMHead,5a535ef6-1bec-447c-93d2-b43ad057978c,750,3.8292,27285
2025-12-19_RetieLMHead,5a535ef6-1bec-447c-93d2-b43ad057978c,1000,3.6887,42279
2025-12-19_RetieLMHead,5a535ef6-1bec-447c-93d2-b43ad057978c,1250,3.5694,57277
2025-12-19_RetieLMHead,5a535ef6-1bec-447c-93d2-b43ad057978c,1500,3.4607,76976
2025-12-19_RetieLMHead,5a535ef6-1bec-447c-93d2-b43ad057978c,1750,3.3603,98903
2025-12-19_RetieLMHead,5a535ef6-1bec-447c-93d2-b43ad057978c,2000,3.2865,120824
2025-12-19_RetieLMHead,5a535ef6-1bec-447c-93d2-b43ad057978c,2035,3.2792,123906
2025-12-19_RetieLMHead,476f03d7-9e0d-40e4-ab96-d7c82607d233,0,10.8375,0
2025-12-19_RetieLMHead,476f03d7-9e0d-40e4-ab96-d7c82607d233,250,4.2667,8508
2025-12-19_RetieLMHead,476f03d7-9e0d-40e4-ab96-d7c82607d233,500,4.0003,16758
2025-12-19_RetieLMHead,476f03d7-9e0d-40e4-ab96-d7c82607d233,750,3.8275,27302
2025-12-19_RetieLMHead,476f03d7-9e0d-40e4-ab96-d7c82607d233,1000,3.6871,42311
2025-12-19_RetieLMHead,476f03d7-9e0d-40e4-ab96-d7c82607d233,1250,3.5703,57308
2025-12-19_RetieLMHead,476f03d7-9e0d-40e4-ab96-d7c82607d233,1500,3.4543,77004
2025-12-19_RetieLMHead,476f03d7-9e0d-40e4-ab96-d7c82607d233,1750,3.3564,98923
2025-12-19_RetieLMHead,476f03d7-9e0d-40e4-ab96-d7c82607d233,2000,3.2832,120829
2025-12-19_RetieLMHead,476f03d7-9e0d-40e4-ab96-d7c82607d233,2035,3.276,123914
2025-12-18_CautiousWDAdam,251270ff-b735-4d46-87d1-7cf4109b70fd,0,10.8258,0
2025-12-18_CautiousWDAdam,251270ff-b735-4d46-87d1-7cf4109b70fd,250,4.2769,8406
2025-12-18_CautiousWDAdam,251270ff-b735-4d46-87d1-7cf4109b70fd,500,4.0083,16688
2025-12-18_CautiousWDAdam,251270ff-b735-4d46-87d1-7cf4109b70fd,750,3.8503,26727
2025-12-18_CautiousWDAdam,251270ff-b735-4d46-87d1-7cf4109b70fd,1000,3.7024,41703
2025-12-18_CautiousWDAdam,251270ff-b735-4d46-87d1-7cf4109b70fd,1250,3.586,56705
2025-12-18_CautiousWDAdam,251270ff-b735-4d46-87d1-7cf4109b70fd,1500,3.4742,75368
2025-12-18_CautiousWDAdam,251270ff-b735-4d46-87d1-7cf4109b70fd,1750,3.3755,97271
2025-12-18_CautiousWDAdam,251270ff-b735-4d46-87d1-7cf4109b70fd,2000,3.2987,119160
2025-12-18_CautiousWDAdam,251270ff-b735-4d46-87d1-7cf4109b70fd,2090,3.2776,127067
2025-12-18_CautiousWDAdam,c113566e-ec24-46e4-aad8-2f78cbc58ec9,0,10.8258,0
2025-12-18_CautiousWDAdam,c113566e-ec24-46e4-aad8-2f78cbc58ec9,250,4.2699,8387
2025-12-18_CautiousWDAdam,c113566e-ec24-46e4-aad8-2f78cbc58ec9,500,4.0091,16642
2025-12-18_CautiousWDAdam,c113566e-ec24-46e4-aad8-2f78cbc58ec9,750,3.854,26662
2025-12-18_CautiousWDAdam,c113566e-ec24-46e4-aad8-2f78cbc58ec9,1000,3.702,41671
2025-12-18_CautiousWDAdam,c113566e-ec24-46e4-aad8-2f78cbc58ec9,1250,3.5863,56663
2025-12-18_CautiousWDAdam,c113566e-ec24-46e4-aad8-2f78cbc58ec9,1500,3.4756,75312
2025-12-18_CautiousWDAdam,c113566e-ec24-46e4-aad8-2f78cbc58ec9,1750,3.3749,97191
2025-12-18_CautiousWDAdam,c113566e-ec24-46e4-aad8-2f78cbc58ec9,2000,3.2974,119061
2025-12-18_CautiousWDAdam,c113566e-ec24-46e4-aad8-2f78cbc58ec9,2090,3.2765,126957
2025-12-18_CautiousWDAdam,477a5156-f18f-4598-94fb-0e2c573bfb54,0,10.8258,0
2025-12-18_CautiousWDAdam,477a5156-f18f-4598-94fb-0e2c573bfb54,250,4.2686,8393
2025-12-18_CautiousWDAdam,477a5156-f18f-4598-94fb-0e2c573bfb54,500,3.9998,16655
2025-12-18_CautiousWDAdam,477a5156-f18f-4598-94fb-0e2c573bfb54,750,3.8468,26691
2025-12-18_CautiousWDAdam,477a5156-f18f-4598-94fb-0e2c573bfb54,1000,3.6949,41682
2025-12-18_CautiousWDAdam,477a5156-f18f-4598-94fb-0e2c573bfb54,1250,3.5819,56677
2025-12-18_CautiousWDAdam,477a5156-f18f-4598-94fb-0e2c573bfb54,1500,3.4694,75331
2025-12-18_CautiousWDAdam,477a5156-f18f-4598-94fb-0e2c573bfb54,1750,3.3701,97221
2025-12-18_CautiousWDAdam,477a5156-f18f-4598-94fb-0e2c573bfb54,2000,3.2935,119101
2025-12-18_CautiousWDAdam,477a5156-f18f-4598-94fb-0e2c573bfb54,2090,3.2722,126999
2025-12-18_CautiousWDAdam,df04b306-9d50-4720-b091-7b6082e9b3f9,0,10.8258,0
2025-12-18_CautiousWDAdam,df04b306-9d50-4720-b091-7b6082e9b3f9,250,4.2759,8379
2025-12-18_CautiousWDAdam,df04b306-9d50-4720-b091-7b6082e9b3f9,500,4.0097,16622
2025-12-18_CautiousWDAdam,df04b306-9d50-4720-b091-7b6082e9b3f9,750,3.8562,26643
2025-12-18_CautiousWDAdam,df04b306-9d50-4720-b091-7b6082e9b3f9,1000,3.7045,41621
2025-12-18_CautiousWDAdam,df04b306-9d50-4720-b091-7b6082e9b3f9,1250,3.5861,56602
2025-12-18_CautiousWDAdam,df04b306-9d50-4720-b091-7b6082e9b3f9,1500,3.4756,75266
2025-12-18_CautiousWDAdam,df04b306-9d50-4720-b091-7b6082e9b3f9,1750,3.3751,97171
2025-12-18_CautiousWDAdam,df04b306-9d50-4720-b091-7b6082e9b3f9,2000,3.2981,119063
2025-12-18_CautiousWDAdam,df04b306-9d50-4720-b091-7b6082e9b3f9,2090,3.2773,126971
2025-12-18_CautiousWDAdam,74dd4cce-b40c-486a-9330-471dfc4b07a4,0,10.8258,0
2025-12-18_CautiousWDAdam,74dd4cce-b40c-486a-9330-471dfc4b07a4,250,4.2691,8410
2025-12-18_CautiousWDAdam,74dd4cce-b40c-486a-9330-471dfc4b07a4,500,4.0103,16690
2025-12-18_CautiousWDAdam,74dd4cce-b40c-486a-9330-471dfc4b07a4,750,3.8493,26735
2025-12-18_CautiousWDAdam,74dd4cce-b40c-486a-9330-471dfc4b07a4,1000,3.7053,41734
2025-12-18_CautiousWDAdam,74dd4cce-b40c-486a-9330-471dfc4b07a4,1250,3.5869,56725
2025-12-18_CautiousWDAdam,74dd4cce-b40c-486a-9330-471dfc4b07a4,1500,3.4767,75397
2025-12-18_CautiousWDAdam,74dd4cce-b40c-486a-9330-471dfc4b07a4,1750,3.3761,97299
2025-12-18_CautiousWDAdam,74dd4cce-b40c-486a-9330-471dfc4b07a4,2000,3.2992,119196
2025-12-18_CautiousWDAdam,74dd4cce-b40c-486a-9330-471dfc4b07a4,2090,3.2779,127092
2025-12-18_CautiousWDAdam,57b7799f-cc61-40cd-927b-33a6ea05358a,0,10.8258,0
2025-12-18_CautiousWDAdam,57b7799f-cc61-40cd-927b-33a6ea05358a,250,4.2686,8405
2025-12-18_CautiousWDAdam,57b7799f-cc61-40cd-927b-33a6ea05358a,500,4.0039,16686
2025-12-18_CautiousWDAdam,57b7799f-cc61-40cd-927b-33a6ea05358a,750,3.8519,26745
2025-12-18_CautiousWDAdam,57b7799f-cc61-40cd-927b-33a6ea05358a,1000,3.7024,41745
2025-12-18_CautiousWDAdam,57b7799f-cc61-40cd-927b-33a6ea05358a,1250,3.583,56741
2025-12-18_CautiousWDAdam,57b7799f-cc61-40cd-927b-33a6ea05358a,1500,3.4712,75409
2025-12-18_CautiousWDAdam,57b7799f-cc61-40cd-927b-33a6ea05358a,1750,3.3722,97295
2025-12-18_CautiousWDAdam,57b7799f-cc61-40cd-927b-33a6ea05358a,2000,3.2954,119192
2025-12-18_CautiousWDAdam,57b7799f-cc61-40cd-927b-33a6ea05358a,2090,3.274,127094
2025-12-18_CautiousWDAdam,edfbf2aa-ab5d-481d-8ce8-c26dcc2ead61,0,10.8258,0
2025-12-18_CautiousWDAdam,edfbf2aa-ab5d-481d-8ce8-c26dcc2ead61,250,4.2693,8386
2025-12-18_CautiousWDAdam,edfbf2aa-ab5d-481d-8ce8-c26dcc2ead61,500,4.0064,16634
2025-12-18_CautiousWDAdam,edfbf2aa-ab5d-481d-8ce8-c26dcc2ead61,750,3.853,26654
2025-12-18_CautiousWDAdam,edfbf2aa-ab5d-481d-8ce8-c26dcc2ead61,1000,3.7086,41652
2025-12-18_CautiousWDAdam,edfbf2aa-ab5d-481d-8ce8-c26dcc2ead61,1250,3.5845,56654
2025-12-18_CautiousWDAdam,edfbf2aa-ab5d-481d-8ce8-c26dcc2ead61,1500,3.476,75317
2025-12-18_CautiousWDAdam,edfbf2aa-ab5d-481d-8ce8-c26dcc2ead61,1750,3.3744,97209
2025-12-18_CautiousWDAdam,edfbf2aa-ab5d-481d-8ce8-c26dcc2ead61,2000,3.2973,119092
2025-12-18_CautiousWDAdam,edfbf2aa-ab5d-481d-8ce8-c26dcc2ead61,2090,3.2754,126997
2025-12-18_CautiousWDAdam,1cf0fb34-7989-4708-8d45-b13091dc0807,0,10.8258,0
2025-12-18_CautiousWDAdam,1cf0fb34-7989-4708-8d45-b13091dc0807,250,4.2797,8395
2025-12-18_CautiousWDAdam,1cf0fb34-7989-4708-8d45-b13091dc0807,500,4.0112,16641
2025-12-18_CautiousWDAdam,1cf0fb34-7989-4708-8d45-b13091dc0807,750,3.8639,26668
2025-12-18_CautiousWDAdam,1cf0fb34-7989-4708-8d45-b13091dc0807,1000,3.7068,41648
2025-12-18_CautiousWDAdam,1cf0fb34-7989-4708-8d45-b13091dc0807,1250,3.5848,56637
2025-12-18_CautiousWDAdam,1cf0fb34-7989-4708-8d45-b13091dc0807,1500,3.4756,75291
2025-12-18_CautiousWDAdam,1cf0fb34-7989-4708-8d45-b13091dc0807,1750,3.3755,97197
2025-12-18_CautiousWDAdam,1cf0fb34-7989-4708-8d45-b13091dc0807,2000,3.2979,119087
2025-12-18_CautiousWDAdam,1cf0fb34-7989-4708-8d45-b13091dc0807,2090,3.2769,126984
2025-12-18_CautiousWDAdam,240472ad-35c7-4269-a4e8-9d16720332b5,0,10.8258,0
2025-12-18_CautiousWDAdam,240472ad-35c7-4269-a4e8-9d16720332b5,250,4.2685,8376
2025-12-18_CautiousWDAdam,240472ad-35c7-4269-a4e8-9d16720332b5,500,4.0056,16616
2025-12-18_CautiousWDAdam,240472ad-35c7-4269-a4e8-9d16720332b5,750,3.8479,26635
2025-12-18_CautiousWDAdam,240472ad-35c7-4269-a4e8-9d16720332b5,1000,3.7031,41610
2025-12-18_CautiousWDAdam,240472ad-35c7-4269-a4e8-9d16720332b5,1250,3.584,56622
2025-12-18_CautiousWDAdam,240472ad-35c7-4269-a4e8-9d16720332b5,1500,3.473,75291
2025-12-18_CautiousWDAdam,240472ad-35c7-4269-a4e8-9d16720332b5,1750,3.3737,97187
2025-12-18_CautiousWDAdam,240472ad-35c7-4269-a4e8-9d16720332b5,2000,3.2971,119066
2025-12-18_CautiousWDAdam,240472ad-35c7-4269-a4e8-9d16720332b5,2090,3.276,126965
2025-12-18_CautiousWDAdam,315fbf72-8e88-4c67-9286-47c9b2bcc696,0,10.8258,0
2025-12-18_CautiousWDAdam,315fbf72-8e88-4c67-9286-47c9b2bcc696,250,4.2788,8407
2025-12-18_CautiousWDAdam,315fbf72-8e88-4c67-9286-47c9b2bcc696,500,4.0152,16669
2025-12-18_CautiousWDAdam,315fbf72-8e88-4c67-9286-47c9b2bcc696,750,3.8494,26688
2025-12-18_CautiousWDAdam,315fbf72-8e88-4c67-9286-47c9b2bcc696,1000,3.7053,41682
2025-12-18_CautiousWDAdam,315fbf72-8e88-4c67-9286-47c9b2bcc696,1250,3.5849,56678
2025-12-18_CautiousWDAdam,315fbf72-8e88-4c67-9286-47c9b2bcc696,1500,3.4758,75336
2025-12-18_CautiousWDAdam,315fbf72-8e88-4c67-9286-47c9b2bcc696,1750,3.3743,97221
2025-12-18_CautiousWDAdam,315fbf72-8e88-4c67-9286-47c9b2bcc696,2000,3.298,119097
2025-12-18_CautiousWDAdam,315fbf72-8e88-4c67-9286-47c9b2bcc696,2090,3.2771,126988
2025-12-18_CautiousWDAdam,1981d492-bc65-4ba9-a0fa-2b30fc5c3eba,0,10.8258,0
2025-12-18_CautiousWDAdam,1981d492-bc65-4ba9-a0fa-2b30fc5c3eba,250,4.2776,8402
2025-12-18_CautiousWDAdam,1981d492-bc65-4ba9-a0fa-2b30fc5c3eba,500,4.0069,16664
2025-12-18_CautiousWDAdam,1981d492-bc65-4ba9-a0fa-2b30fc5c3eba,750,3.8511,26703
2025-12-18_CautiousWDAdam,1981d492-bc65-4ba9-a0fa-2b30fc5c3eba,1000,3.7069,41711
2025-12-18_CautiousWDAdam,1981d492-bc65-4ba9-a0fa-2b30fc5c3eba,1250,3.5861,56718
2025-12-18_CautiousWDAdam,1981d492-bc65-4ba9-a0fa-2b30fc5c3eba,1500,3.4765,75384
2025-12-18_CautiousWDAdam,1981d492-bc65-4ba9-a0fa-2b30fc5c3eba,1750,3.3735,97278
2025-12-18_CautiousWDAdam,1981d492-bc65-4ba9-a0fa-2b30fc5c3eba,2000,3.2962,119169
2025-12-18_CautiousWDAdam,1981d492-bc65-4ba9-a0fa-2b30fc5c3eba,2090,3.2746,127065
2025-12-18_CautiousWDAdam,ccd93ccc-ba16-4fe0-bde1-53a0de149aaa,0,10.8258,0
2025-12-18_CautiousWDAdam,ccd93ccc-ba16-4fe0-bde1-53a0de149aaa,250,4.3296,8380
2025-12-18_CautiousWDAdam,ccd93ccc-ba16-4fe0-bde1-53a0de149aaa,500,4.0058,16636
2025-12-18_CautiousWDAdam,ccd93ccc-ba16-4fe0-bde1-53a0de149aaa,750,3.8518,26678
2025-12-18_CautiousWDAdam,ccd93ccc-ba16-4fe0-bde1-53a0de149aaa,1000,3.7043,41678
2025-12-18_CautiousWDAdam,ccd93ccc-ba16-4fe0-bde1-53a0de149aaa,1250,3.5862,56688
2025-12-18_CautiousWDAdam,ccd93ccc-ba16-4fe0-bde1-53a0de149aaa,1500,3.4756,75355
2025-12-18_CautiousWDAdam,ccd93ccc-ba16-4fe0-bde1-53a0de149aaa,1750,3.3757,97266
2025-12-18_CautiousWDAdam,ccd93ccc-ba16-4fe0-bde1-53a0de149aaa,2000,3.3006,119158
2025-12-18_CautiousWDAdam,ccd93ccc-ba16-4fe0-bde1-53a0de149aaa,2090,3.287,127059
2025-12-14_PartialKeyOffset,ef4f8abe-b6a3-42bd-8ce1-30465fd2668a,0,10.8258,0
2025-12-14_PartialKeyOffset,ef4f8abe-b6a3-42bd-8ce1-30465fd2668a,250,4.2744,8529
2025-12-14_PartialKeyOffset,ef4f8abe-b6a3-42bd-8ce1-30465fd2668a,500,4.0072,16813
2025-12-14_PartialKeyOffset,ef4f8abe-b6a3-42bd-8ce1-30465fd2668a,750,3.848,26714
2025-12-14_PartialKeyOffset,ef4f8abe-b6a3-42bd-8ce1-30465fd2668a,1000,3.6992,41716
2025-12-14_PartialKeyOffset,ef4f8abe-b6a3-42bd-8ce1-30465fd2668a,1250,3.5826,56722
2025-12-14_PartialKeyOffset,ef4f8abe-b6a3-42bd-8ce1-30465fd2668a,1500,3.4745,75092
2025-12-14_PartialKeyOffset,ef4f8abe-b6a3-42bd-8ce1-30465fd2668a,1750,3.3784,97113
2025-12-14_PartialKeyOffset,ef4f8abe-b6a3-42bd-8ce1-30465fd2668a,2000,3.3025,119114
2025-12-14_PartialKeyOffset,ef4f8abe-b6a3-42bd-8ce1-30465fd2668a,2110,3.2781,128818
2025-12-14_PartialKeyOffset,c4077615-f0f8-4a06-be58-2a015e65dbea,0,10.8258,0
2025-12-14_PartialKeyOffset,c4077615-f0f8-4a06-be58-2a015e65dbea,250,4.265,8522
2025-12-14_PartialKeyOffset,c4077615-f0f8-4a06-be58-2a015e65dbea,500,4.0042,16808
2025-12-14_PartialKeyOffset,c4077615-f0f8-4a06-be58-2a015e65dbea,750,3.8512,26717
2025-12-14_PartialKeyOffset,c4077615-f0f8-4a06-be58-2a015e65dbea,1000,3.6976,41745
2025-12-14_PartialKeyOffset,c4077615-f0f8-4a06-be58-2a015e65dbea,1250,3.5831,56817
2025-12-14_PartialKeyOffset,c4077615-f0f8-4a06-be58-2a015e65dbea,1500,3.4724,75203
2025-12-14_PartialKeyOffset,c4077615-f0f8-4a06-be58-2a015e65dbea,1750,3.377,97224
2025-12-14_PartialKeyOffset,c4077615-f0f8-4a06-be58-2a015e65dbea,2000,3.3028,119237
2025-12-14_PartialKeyOffset,c4077615-f0f8-4a06-be58-2a015e65dbea,2110,3.2783,128950
2025-12-14_PartialKeyOffset,62e4b270-30b2-4a52-bd94-143ef03d213b,0,10.8258,0
2025-12-14_PartialKeyOffset,62e4b270-30b2-4a52-bd94-143ef03d213b,250,4.2632,8552
2025-12-14_PartialKeyOffset,62e4b270-30b2-4a52-bd94-143ef03d213b,500,3.9991,16861
2025-12-14_PartialKeyOffset,62e4b270-30b2-4a52-bd94-143ef03d213b,750,3.8437,26789
2025-12-14_PartialKeyOffset,62e4b270-30b2-4a52-bd94-143ef03d213b,1000,3.697,41800
2025-12-14_PartialKeyOffset,62e4b270-30b2-4a52-bd94-143ef03d213b,1250,3.5831,56804
2025-12-14_PartialKeyOffset,62e4b270-30b2-4a52-bd94-143ef03d213b,1500,3.4738,75183
2025-12-14_PartialKeyOffset,62e4b270-30b2-4a52-bd94-143ef03d213b,1750,3.3783,97206
2025-12-14_PartialKeyOffset,62e4b270-30b2-4a52-bd94-143ef03d213b,2000,3.3046,119233
2025-12-14_PartialKeyOffset,62e4b270-30b2-4a52-bd94-143ef03d213b,2110,3.2809,128946
2025-12-14_PartialKeyOffset,5eadec96-1612-44a5-912a-4ba39597f4c7,0,10.8258,0
2025-12-14_PartialKeyOffset,5eadec96-1612-44a5-912a-4ba39597f4c7,250,4.2767,8555
2025-12-14_PartialKeyOffset,5eadec96-1612-44a5-912a-4ba39597f4c7,500,4.0062,16846
2025-12-14_PartialKeyOffset,5eadec96-1612-44a5-912a-4ba39597f4c7,750,3.8504,26762
2025-12-14_PartialKeyOffset,5eadec96-1612-44a5-912a-4ba39597f4c7,1000,3.6962,41764
2025-12-14_PartialKeyOffset,5eadec96-1612-44a5-912a-4ba39597f4c7,1250,3.5819,56764
2025-12-14_PartialKeyOffset,5eadec96-1612-44a5-912a-4ba39597f4c7,1500,3.4725,75144
2025-12-14_PartialKeyOffset,5eadec96-1612-44a5-912a-4ba39597f4c7,1750,3.378,97176
2025-12-14_PartialKeyOffset,5eadec96-1612-44a5-912a-4ba39597f4c7,2000,3.3021,119179
2025-12-14_PartialKeyOffset,5eadec96-1612-44a5-912a-4ba39597f4c7,2110,3.2778,128882
2025-12-14_PartialKeyOffset,e02ce184-4271-48f9-96fd-85283cbe6411,0,10.8258,0
2025-12-14_PartialKeyOffset,e02ce184-4271-48f9-96fd-85283cbe6411,250,4.2644,8539
2025-12-14_PartialKeyOffset,e02ce184-4271-48f9-96fd-85283cbe6411,500,4.0065,16823
2025-12-14_PartialKeyOffset,e02ce184-4271-48f9-96fd-85283cbe6411,750,3.8437,26731
2025-12-14_PartialKeyOffset,e02ce184-4271-48f9-96fd-85283cbe6411,1000,3.6963,41748
2025-12-14_PartialKeyOffset,e02ce184-4271-48f9-96fd-85283cbe6411,1250,3.5811,56769
2025-12-14_PartialKeyOffset,e02ce184-4271-48f9-96fd-85283cbe6411,1500,3.4737,75147
2025-12-14_PartialKeyOffset,e02ce184-4271-48f9-96fd-85283cbe6411,1750,3.3775,97176
2025-12-14_PartialKeyOffset,e02ce184-4271-48f9-96fd-85283cbe6411,2000,3.3033,119182
2025-12-14_PartialKeyOffset,e02ce184-4271-48f9-96fd-85283cbe6411,2110,3.2788,128892
2025-12-14_PartialKeyOffset,a4fed86e-4f54-421f-a190-b5d2e228f4b0,0,10.8258,0
2025-12-14_PartialKeyOffset,a4fed86e-4f54-421f-a190-b5d2e228f4b0,250,4.2685,8532
2025-12-14_PartialKeyOffset,a4fed86e-4f54-421f-a190-b5d2e228f4b0,500,4.0023,16812
2025-12-14_PartialKeyOffset,a4fed86e-4f54-421f-a190-b5d2e228f4b0,750,3.8436,26718
2025-12-14_PartialKeyOffset,a4fed86e-4f54-421f-a190-b5d2e228f4b0,1000,3.6934,41719
2025-12-14_PartialKeyOffset,a4fed86e-4f54-421f-a190-b5d2e228f4b0,1250,3.5787,56721
2025-12-14_PartialKeyOffset,a4fed86e-4f54-421f-a190-b5d2e228f4b0,1500,3.4708,75076
2025-12-14_PartialKeyOffset,a4fed86e-4f54-421f-a190-b5d2e228f4b0,1750,3.3755,97118
2025-12-14_PartialKeyOffset,a4fed86e-4f54-421f-a190-b5d2e228f4b0,2000,3.3006,119110
2025-12-14_PartialKeyOffset,a4fed86e-4f54-421f-a190-b5d2e228f4b0,2110,3.2762,128822
2025-12-14_PartialKeyOffset,7494e272-21e3-4ea4-9fb8-649b57ad7eb7,0,10.8258,0
2025-12-14_PartialKeyOffset,7494e272-21e3-4ea4-9fb8-649b57ad7eb7,250,4.2678,8563
2025-12-14_PartialKeyOffset,7494e272-21e3-4ea4-9fb8-649b57ad7eb7,500,3.9985,16861
2025-12-14_PartialKeyOffset,7494e272-21e3-4ea4-9fb8-649b57ad7eb7,750,3.8421,26762
2025-12-14_PartialKeyOffset,7494e272-21e3-4ea4-9fb8-649b57ad7eb7,1000,3.6918,41766
2025-12-14_PartialKeyOffset,7494e272-21e3-4ea4-9fb8-649b57ad7eb7,1250,3.5777,56772
2025-12-14_PartialKeyOffset,7494e272-21e3-4ea4-9fb8-649b57ad7eb7,1500,3.4693,75138
2025-12-14_PartialKeyOffset,7494e272-21e3-4ea4-9fb8-649b57ad7eb7,1750,3.374,97171
2025-12-14_PartialKeyOffset,7494e272-21e3-4ea4-9fb8-649b57ad7eb7,2000,3.3005,119179
2025-12-14_PartialKeyOffset,7494e272-21e3-4ea4-9fb8-649b57ad7eb7,2110,3.2761,128886
2025-12-14_PartialKeyOffset,150d40bf-c20b-4568-aac9-26eb919e25fd,0,10.8258,0
2025-12-14_PartialKeyOffset,150d40bf-c20b-4568-aac9-26eb919e25fd,250,4.2751,8544
2025-12-14_PartialKeyOffset,150d40bf-c20b-4568-aac9-26eb919e25fd,500,4.0042,16839
2025-12-14_PartialKeyOffset,150d40bf-c20b-4568-aac9-26eb919e25fd,750,3.8468,26738
2025-12-14_PartialKeyOffset,150d40bf-c20b-4568-aac9-26eb919e25fd,1000,3.7012,41745
2025-12-14_PartialKeyOffset,150d40bf-c20b-4568-aac9-26eb919e25fd,1250,3.5805,56759
2025-12-14_PartialKeyOffset,150d40bf-c20b-4568-aac9-26eb919e25fd,1500,3.472,75124
2025-12-14_PartialKeyOffset,150d40bf-c20b-4568-aac9-26eb919e25fd,1750,3.3759,97145
2025-12-14_PartialKeyOffset,150d40bf-c20b-4568-aac9-26eb919e25fd,2000,3.3019,119159
2025-12-14_PartialKeyOffset,150d40bf-c20b-4568-aac9-26eb919e25fd,2110,3.2769,128869
2025-12-14_PartialKeyOffset,2439fccf-e581-4c50-980f-505513342cb7,0,10.8258,0
2025-12-14_PartialKeyOffset,2439fccf-e581-4c50-980f-505513342cb7,250,4.2731,8561
2025-12-14_PartialKeyOffset,2439fccf-e581-4c50-980f-505513342cb7,500,4.0014,16849
2025-12-14_PartialKeyOffset,2439fccf-e581-4c50-980f-505513342cb7,750,3.8403,26753
2025-12-14_PartialKeyOffset,2439fccf-e581-4c50-980f-505513342cb7,1000,3.6963,41752
2025-12-14_PartialKeyOffset,2439fccf-e581-4c50-980f-505513342cb7,1250,3.5782,56752
2025-12-14_PartialKeyOffset,2439fccf-e581-4c50-980f-505513342cb7,1500,3.4747,75133
2025-12-14_PartialKeyOffset,2439fccf-e581-4c50-980f-505513342cb7,1750,3.3752,97174
2025-12-14_PartialKeyOffset,2439fccf-e581-4c50-980f-505513342cb7,2000,3.3012,119185
2025-12-14_PartialKeyOffset,2439fccf-e581-4c50-980f-505513342cb7,2110,3.2774,128907
2025-12-14_PartialKeyOffset,24f72c9f-7518-459e-97e9-2068675601b7,0,10.8258,0
2025-12-14_PartialKeyOffset,24f72c9f-7518-459e-97e9-2068675601b7,250,4.2706,8550
2025-12-14_PartialKeyOffset,24f72c9f-7518-459e-97e9-2068675601b7,500,4.0032,16838
2025-12-14_PartialKeyOffset,24f72c9f-7518-459e-97e9-2068675601b7,750,3.8615,26750
2025-12-14_PartialKeyOffset,24f72c9f-7518-459e-97e9-2068675601b7,1000,3.7,41757
2025-12-14_PartialKeyOffset,24f72c9f-7518-459e-97e9-2068675601b7,1250,3.5859,56763
2025-12-14_PartialKeyOffset,24f72c9f-7518-459e-97e9-2068675601b7,1500,3.472,75123
2025-12-14_PartialKeyOffset,24f72c9f-7518-459e-97e9-2068675601b7,1750,3.3773,97138
2025-12-14_PartialKeyOffset,24f72c9f-7518-459e-97e9-2068675601b7,2000,3.3037,119134
2025-12-14_PartialKeyOffset,24f72c9f-7518-459e-97e9-2068675601b7,2110,3.2792,128844
2025-12-14_PartialKeyOffset,3971afad-e106-4781-8e90-cf8007bd7061,0,10.8258,0
2025-12-14_PartialKeyOffset,3971afad-e106-4781-8e90-cf8007bd7061,250,4.2676,8565
2025-12-14_PartialKeyOffset,3971afad-e106-4781-8e90-cf8007bd7061,500,4.0,16850
2025-12-14_PartialKeyOffset,3971afad-e106-4781-8e90-cf8007bd7061,750,3.8518,26768
2025-12-14_PartialKeyOffset,3971afad-e106-4781-8e90-cf8007bd7061,1000,3.697,41775
2025-12-14_PartialKeyOffset,3971afad-e106-4781-8e90-cf8007bd7061,1250,3.578,56786
2025-12-14_PartialKeyOffset,3971afad-e106-4781-8e90-cf8007bd7061,1500,3.4746,75154
2025-12-14_PartialKeyOffset,3971afad-e106-4781-8e90-cf8007bd7061,1750,3.377,97187
2025-12-14_PartialKeyOffset,3971afad-e106-4781-8e90-cf8007bd7061,2000,3.3031,119201
2025-12-14_PartialKeyOffset,3971afad-e106-4781-8e90-cf8007bd7061,2110,3.2786,128912
2025-12-11_NorMuonOptimsAndFixes,NorMuon Fixes and PreMul-O - 27165,0,10.8258,0
2025-12-11_NorMuonOptimsAndFixes,NorMuon Fixes and PreMul-O - 27165,250,4.3032,8385
2025-12-11_NorMuonOptimsAndFixes,NorMuon Fixes and PreMul-O - 27165,500,4.0184,16574
2025-12-11_NorMuonOptimsAndFixes,NorMuon Fixes and PreMul-O - 27165,750,3.8665,25952
2025-12-11_NorMuonOptimsAndFixes,NorMuon Fixes and PreMul-O - 27165,1000,3.7122,40954
2025-12-11_NorMuonOptimsAndFixes,NorMuon Fixes and PreMul-O - 27165,1250,3.594,55967
2025-12-11_NorMuonOptimsAndFixes,NorMuon Fixes and PreMul-O - 27165,1500,3.4965,73352
2025-12-11_NorMuonOptimsAndFixes,NorMuon Fixes and PreMul-O - 27165,1750,3.3913,95262
2025-12-11_NorMuonOptimsAndFixes,NorMuon Fixes and PreMul-O - 27165,2000,3.3144,117139
2025-12-11_NorMuonOptimsAndFixes,NorMuon Fixes and PreMul-O - 27165,2160,3.2776,131155
2025-12-11_NorMuonOptimsAndFixes,NorMuon Fixes and PreMul-O - 06113,0,10.8258,0
2025-12-11_NorMuonOptimsAndFixes,NorMuon Fixes and PreMul-O - 06113,250,4.3265,8398
2025-12-11_NorMuonOptimsAndFixes,NorMuon Fixes and PreMul-O - 06113,500,4.0207,16591
2025-12-11_NorMuonOptimsAndFixes,NorMuon Fixes and PreMul-O - 06113,750,3.8656,25944
2025-12-11_NorMuonOptimsAndFixes,NorMuon Fixes and PreMul-O - 06113,1000,3.7096,40918
2025-12-11_NorMuonOptimsAndFixes,NorMuon Fixes and PreMul-O - 06113,1250,3.5942,55917
2025-12-11_NorMuonOptimsAndFixes,NorMuon Fixes and PreMul-O - 06113,1500,3.4878,73318
2025-12-11_NorMuonOptimsAndFixes,NorMuon Fixes and PreMul-O - 06113,1750,3.3898,95241
2025-12-11_NorMuonOptimsAndFixes,NorMuon Fixes and PreMul-O - 06113,2000,3.3128,117139
2025-12-11_NorMuonOptimsAndFixes,NorMuon Fixes and PreMul-O - 06113,2160,3.2757,131157
2025-12-11_NorMuonOptimsAndFixes,NorMuon Fixes and PreMul-O - b394e,0,10.8258,0
2025-12-11_NorMuonOptimsAndFixes,NorMuon Fixes and PreMul-O - b394e,250,4.3447,8401
2025-12-11_NorMuonOptimsAndFixes,NorMuon Fixes and PreMul-O - b394e,500,4.0313,16595
2025-12-11_NorMuonOptimsAndFixes,NorMuon Fixes and PreMul-O - b394e,750,3.8703,25961
2025-12-11_NorMuonOptimsAndFixes,NorMuon Fixes and PreMul-O - b394e,1000,3.7175,40962
2025-12-11_NorMuonOptimsAndFixes,NorMuon Fixes and PreMul-O - b394e,1250,3.5996,55960
2025-12-11_NorMuonOptimsAndFixes,NorMuon Fixes and PreMul-O - b394e,1500,3.4966,73336
2025-12-11_NorMuonOptimsAndFixes,NorMuon Fixes and PreMul-O - b394e,1750,3.3943,95254
2025-12-11_NorMuonOptimsAndFixes,NorMuon Fixes and PreMul-O - b394e,2000,3.317,117154
2025-12-11_NorMuonOptimsAndFixes,NorMuon Fixes and PreMul-O - b394e,2160,3.2795,131155
2025-12-11_NorMuonOptimsAndFixes,NorMuon Fixes and PreMul-O - 63196,0,10.8258,0
2025-12-11_NorMuonOptimsAndFixes,NorMuon Fixes and PreMul-O - 63196,250,4.3069,8386
2025-12-11_NorMuonOptimsAndFixes,NorMuon Fixes and PreMul-O - 63196,500,4.0226,16573
2025-12-11_NorMuonOptimsAndFixes,NorMuon Fixes and PreMul-O - 63196,750,3.8726,25943
2025-12-11_NorMuonOptimsAndFixes,NorMuon Fixes and PreMul-O - 63196,1000,3.7129,40942
2025-12-11_NorMuonOptimsAndFixes,NorMuon Fixes and PreMul-O - 63196,1250,3.5938,55942
2025-12-11_NorMuonOptimsAndFixes,NorMuon Fixes and PreMul-O - 63196,1500,3.4909,73334
2025-12-11_NorMuonOptimsAndFixes,NorMuon Fixes and PreMul-O - 63196,1750,3.3927,95302
2025-12-11_NorMuonOptimsAndFixes,NorMuon Fixes and PreMul-O - 63196,2000,3.3156,117228
2025-12-11_NorMuonOptimsAndFixes,NorMuon Fixes and PreMul-O - 63196,2160,3.2793,131254
2025-12-11_NorMuonOptimsAndFixes,NorMuon Fixes and PreMul-O - 55937,0,10.8258,0
2025-12-11_NorMuonOptimsAndFixes,NorMuon Fixes and PreMul-O - 55937,250,4.3133,8411
2025-12-11_NorMuonOptimsAndFixes,NorMuon Fixes and PreMul-O - 55937,500,4.0254,16610
2025-12-11_NorMuonOptimsAndFixes,NorMuon Fixes and PreMul-O - 55937,750,3.8735,25989
2025-12-11_NorMuonOptimsAndFixes,NorMuon Fixes and PreMul-O - 55937,1000,3.7121,40993
2025-12-11_NorMuonOptimsAndFixes,NorMuon Fixes and PreMul-O - 55937,1250,3.5926,55991
2025-12-11_NorMuonOptimsAndFixes,NorMuon Fixes and PreMul-O - 55937,1500,3.4896,73399
2025-12-11_NorMuonOptimsAndFixes,NorMuon Fixes and PreMul-O - 55937,1750,3.3914,95354
2025-12-11_NorMuonOptimsAndFixes,NorMuon Fixes and PreMul-O - 55937,2000,3.3129,117286
2025-12-11_NorMuonOptimsAndFixes,NorMuon Fixes and PreMul-O - 55937,2160,3.2764,131304
2025-12-11_NorMuonOptimsAndFixes,e7f885dd-4511-4ad5-ba78-a51a9940a18e,0,10.8258,0
2025-12-11_NorMuonOptimsAndFixes,e7f885dd-4511-4ad5-ba78-a51a9940a18e,250,4.3008,8556
2025-12-11_NorMuonOptimsAndFixes,e7f885dd-4511-4ad5-ba78-a51a9940a18e,500,4.0125,16941
2025-12-11_NorMuonOptimsAndFixes,e7f885dd-4511-4ad5-ba78-a51a9940a18e,750,3.853,26495
2025-12-11_NorMuonOptimsAndFixes,e7f885dd-4511-4ad5-ba78-a51a9940a18e,1000,3.6871,41663
2025-12-11_NorMuonOptimsAndFixes,e7f885dd-4511-4ad5-ba78-a51a9940a18e,1250,3.5708,56870
2025-12-11_NorMuonOptimsAndFixes,e7f885dd-4511-4ad5-ba78-a51a9940a18e,1500,3.4705,74456
2025-12-11_NorMuonOptimsAndFixes,e7f885dd-4511-4ad5-ba78-a51a9940a18e,1750,3.3798,96578
2025-12-11_NorMuonOptimsAndFixes,e7f885dd-4511-4ad5-ba78-a51a9940a18e,2000,3.3113,118643
2025-12-11_NorMuonOptimsAndFixes,e7f885dd-4511-4ad5-ba78-a51a9940a18e,2160,3.2793,132779
2025-12-11_NorMuonOptimsAndFixes,NorMuon Fixes and PreMul-O - 6483c,0,10.8258,0
2025-12-11_NorMuonOptimsAndFixes,NorMuon Fixes and PreMul-O - 6483c,250,4.3119,8396
2025-12-11_NorMuonOptimsAndFixes,NorMuon Fixes and PreMul-O - 6483c,500,4.0236,16600
2025-12-11_NorMuonOptimsAndFixes,NorMuon Fixes and PreMul-O - 6483c,750,3.8875,25969
2025-12-11_NorMuonOptimsAndFixes,NorMuon Fixes and PreMul-O - 6483c,1000,3.7124,40971
2025-12-11_NorMuonOptimsAndFixes,NorMuon Fixes and PreMul-O - 6483c,1250,3.5996,55987
2025-12-11_NorMuonOptimsAndFixes,NorMuon Fixes and PreMul-O - 6483c,1500,3.4919,73391
2025-12-11_NorMuonOptimsAndFixes,NorMuon Fixes and PreMul-O - 6483c,1750,3.3945,95336
2025-12-11_NorMuonOptimsAndFixes,NorMuon Fixes and PreMul-O - 6483c,2000,3.3177,117266
2025-12-11_NorMuonOptimsAndFixes,NorMuon Fixes and PreMul-O - 6483c,2160,3.2807,131291
2025-12-11_NorMuonOptimsAndFixes,946b141d-b568-4a81-8d67-09d96a427413,0,10.8258,0
2025-12-11_NorMuonOptimsAndFixes,946b141d-b568-4a81-8d67-09d96a427413,250,4.3125,8576
2025-12-11_NorMuonOptimsAndFixes,946b141d-b568-4a81-8d67-09d96a427413,500,4.0138,16964
2025-12-11_NorMuonOptimsAndFixes,946b141d-b568-4a81-8d67-09d96a427413,750,3.8511,26515
2025-12-11_NorMuonOptimsAndFixes,946b141d-b568-4a81-8d67-09d96a427413,1000,3.6904,41671
2025-12-11_NorMuonOptimsAndFixes,946b141d-b568-4a81-8d67-09d96a427413,1250,3.5708,56875
2025-12-11_NorMuonOptimsAndFixes,946b141d-b568-4a81-8d67-09d96a427413,1500,3.4697,74482
2025-12-11_NorMuonOptimsAndFixes,946b141d-b568-4a81-8d67-09d96a427413,1750,3.3788,96626
2025-12-11_NorMuonOptimsAndFixes,946b141d-b568-4a81-8d67-09d96a427413,2000,3.3101,118707
2025-12-11_NorMuonOptimsAndFixes,946b141d-b568-4a81-8d67-09d96a427413,2160,3.2781,132817
2025-12-11_NorMuonOptimsAndFixes,82edf6be-f343-475d-b93a-47c32acf4de2,0,10.8258,0
2025-12-11_NorMuonOptimsAndFixes,82edf6be-f343-475d-b93a-47c32acf4de2,250,4.2964,8560
2025-12-11_NorMuonOptimsAndFixes,82edf6be-f343-475d-b93a-47c32acf4de2,500,4.0115,16933
2025-12-11_NorMuonOptimsAndFixes,82edf6be-f343-475d-b93a-47c32acf4de2,750,3.8493,26482
2025-12-11_NorMuonOptimsAndFixes,82edf6be-f343-475d-b93a-47c32acf4de2,1000,3.6907,41634
2025-12-11_NorMuonOptimsAndFixes,82edf6be-f343-475d-b93a-47c32acf4de2,1250,3.5722,56824
2025-12-11_NorMuonOptimsAndFixes,82edf6be-f343-475d-b93a-47c32acf4de2,1500,3.4722,74376
2025-12-11_NorMuonOptimsAndFixes,82edf6be-f343-475d-b93a-47c32acf4de2,1750,3.3811,96504
2025-12-11_NorMuonOptimsAndFixes,82edf6be-f343-475d-b93a-47c32acf4de2,2000,3.312,118595
2025-12-11_NorMuonOptimsAndFixes,82edf6be-f343-475d-b93a-47c32acf4de2,2160,3.2798,132739
2025-12-11_NorMuonOptimsAndFixes,NorMuon Fixes and PreMul-O - e6e7c,0,10.8258,0
2025-12-11_NorMuonOptimsAndFixes,NorMuon Fixes and PreMul-O - e6e7c,250,4.311,8483
2025-12-11_NorMuonOptimsAndFixes,NorMuon Fixes and PreMul-O - e6e7c,500,4.0186,16668
2025-12-11_NorMuonOptimsAndFixes,NorMuon Fixes and PreMul-O - e6e7c,750,3.8891,26030
2025-12-11_NorMuonOptimsAndFixes,NorMuon Fixes and PreMul-O - e6e7c,1000,3.7075,40997
2025-12-11_NorMuonOptimsAndFixes,NorMuon Fixes and PreMul-O - e6e7c,1250,3.5908,56011
2025-12-11_NorMuonOptimsAndFixes,NorMuon Fixes and PreMul-O - e6e7c,1500,3.4866,73391
2025-12-11_NorMuonOptimsAndFixes,NorMuon Fixes and PreMul-O - e6e7c,1750,3.3889,95341
2025-12-11_NorMuonOptimsAndFixes,NorMuon Fixes and PreMul-O - e6e7c,2000,3.3116,117252
2025-12-11_NorMuonOptimsAndFixes,NorMuon Fixes and PreMul-O - e6e7c,2160,3.2748,131265
2025-12-11_NorMuonOptimsAndFixes,af1ee46d-f285-4119-83cf-0c939604819f,0,10.8258,0
2025-12-11_NorMuonOptimsAndFixes,af1ee46d-f285-4119-83cf-0c939604819f,250,4.3083,8540
2025-12-11_NorMuonOptimsAndFixes,af1ee46d-f285-4119-83cf-0c939604819f,500,4.0149,16912
2025-12-11_NorMuonOptimsAndFixes,af1ee46d-f285-4119-83cf-0c939604819f,750,3.8597,26437
2025-12-11_NorMuonOptimsAndFixes,af1ee46d-f285-4119-83cf-0c939604819f,1000,3.6924,41546
2025-12-11_NorMuonOptimsAndFixes,af1ee46d-f285-4119-83cf-0c939604819f,1250,3.5744,56707
2025-12-11_NorMuonOptimsAndFixes,af1ee46d-f285-4119-83cf-0c939604819f,1500,3.4742,74270
2025-12-11_NorMuonOptimsAndFixes,af1ee46d-f285-4119-83cf-0c939604819f,1750,3.3805,96371
2025-12-11_NorMuonOptimsAndFixes,af1ee46d-f285-4119-83cf-0c939604819f,2000,3.3116,118433
2025-12-11_NorMuonOptimsAndFixes,af1ee46d-f285-4119-83cf-0c939604819f,2160,3.2796,132552
2025-12-11_NorMuonOptimsAndFixes,NorMuon Fixes and PreMul-O - 6c4e0,0,10.8258,0
2025-12-11_NorMuonOptimsAndFixes,NorMuon Fixes and PreMul-O - 6c4e0,250,4.298,8390
2025-12-11_NorMuonOptimsAndFixes,NorMuon Fixes and PreMul-O - 6c4e0,500,4.016,16581
2025-12-11_NorMuonOptimsAndFixes,NorMuon Fixes and PreMul-O - 6c4e0,750,3.8652,25956
2025-12-11_NorMuonOptimsAndFixes,NorMuon Fixes and PreMul-O - 6c4e0,1000,3.7094,40960
2025-12-11_NorMuonOptimsAndFixes,NorMuon Fixes and PreMul-O - 6c4e0,1250,3.5918,55958
2025-12-11_NorMuonOptimsAndFixes,NorMuon Fixes and PreMul-O - 6c4e0,1500,3.4891,73351
2025-12-11_NorMuonOptimsAndFixes,NorMuon Fixes and PreMul-O - 6c4e0,1750,3.3905,95303
2025-12-11_NorMuonOptimsAndFixes,NorMuon Fixes and PreMul-O - 6c4e0,2000,3.3126,117215
2025-12-11_NorMuonOptimsAndFixes,NorMuon Fixes and PreMul-O - 6c4e0,2160,3.2758,131238
2025-12-11_NorMuonOptimsAndFixes,NorMuon Fixes and PreMul-O - a9d02,0,10.8258,0
2025-12-11_NorMuonOptimsAndFixes,NorMuon Fixes and PreMul-O - a9d02,250,4.2948,8387
2025-12-11_NorMuonOptimsAndFixes,NorMuon Fixes and PreMul-O - a9d02,500,4.0152,16573
2025-12-11_NorMuonOptimsAndFixes,NorMuon Fixes and PreMul-O - a9d02,750,3.8675,25934
2025-12-11_NorMuonOptimsAndFixes,NorMuon Fixes and PreMul-O - a9d02,1000,3.7127,40918
2025-12-11_NorMuonOptimsAndFixes,NorMuon Fixes and PreMul-O - a9d02,1250,3.5953,55920
2025-12-11_NorMuonOptimsAndFixes,NorMuon Fixes and PreMul-O - a9d02,1500,3.4934,73292
2025-12-11_NorMuonOptimsAndFixes,NorMuon Fixes and PreMul-O - a9d02,1750,3.3932,95222
2025-12-11_NorMuonOptimsAndFixes,NorMuon Fixes and PreMul-O - a9d02,2000,3.3152,117117
2025-12-11_NorMuonOptimsAndFixes,NorMuon Fixes and PreMul-O - a9d02,2160,3.2788,131130
2025-12-11_NorMuonOptimsAndFixes,NorMuon Fixes and PreMul-O - 6e994,0,10.8258,0
2025-12-11_NorMuonOptimsAndFixes,NorMuon Fixes and PreMul-O - 6e994,250,4.3112,8378
2025-12-11_NorMuonOptimsAndFixes,NorMuon Fixes and PreMul-O - 6e994,500,4.0216,16570
2025-12-11_NorMuonOptimsAndFixes,NorMuon Fixes and PreMul-O - 6e994,750,3.8655,25913
2025-12-11_NorMuonOptimsAndFixes,NorMuon Fixes and PreMul-O - 6e994,1000,3.7108,40875
2025-12-11_NorMuonOptimsAndFixes,NorMuon Fixes and PreMul-O - 6e994,1250,3.5938,55881
2025-12-11_NorMuonOptimsAndFixes,NorMuon Fixes and PreMul-O - 6e994,1500,3.4903,73269
2025-12-11_NorMuonOptimsAndFixes,NorMuon Fixes and PreMul-O - 6e994,1750,3.3927,95210
2025-12-11_NorMuonOptimsAndFixes,NorMuon Fixes and PreMul-O - 6e994,2000,3.315,117127
2025-12-11_NorMuonOptimsAndFixes,NorMuon Fixes and PreMul-O - 6e994,2160,3.2785,131157
2025-12-10_SALambdaOnWeights,5c0991a6-4ba8-4511-b600-0b26597f91d7,0,10.8258,0
2025-12-10_SALambdaOnWeights,5c0991a6-4ba8-4511-b600-0b26597f91d7,250,4.3234,8419
2025-12-10_SALambdaOnWeights,5c0991a6-4ba8-4511-b600-0b26597f91d7,500,4.0156,16817
2025-12-10_SALambdaOnWeights,5c0991a6-4ba8-4511-b600-0b26597f91d7,750,3.8471,26308
2025-12-10_SALambdaOnWeights,5c0991a6-4ba8-4511-b600-0b26597f91d7,1000,3.7029,41247
2025-12-10_SALambdaOnWeights,5c0991a6-4ba8-4511-b600-0b26597f91d7,1250,3.5721,56185
2025-12-10_SALambdaOnWeights,5c0991a6-4ba8-4511-b600-0b26597f91d7,1500,3.4715,73505
2025-12-10_SALambdaOnWeights,5c0991a6-4ba8-4511-b600-0b26597f91d7,1750,3.3791,95385
2025-12-10_SALambdaOnWeights,5c0991a6-4ba8-4511-b600-0b26597f91d7,2000,3.3098,117238
2025-12-10_SALambdaOnWeights,5c0991a6-4ba8-4511-b600-0b26597f91d7,2160,3.2774,131284
2025-12-10_SALambdaOnWeights,a091e3bd-009c-47de-9874-e11e41a988d0,0,10.8258,0
2025-12-10_SALambdaOnWeights,a091e3bd-009c-47de-9874-e11e41a988d0,250,4.3045,8510
2025-12-10_SALambdaOnWeights,a091e3bd-009c-47de-9874-e11e41a988d0,500,4.0492,16872
2025-12-10_SALambdaOnWeights,a091e3bd-009c-47de-9874-e11e41a988d0,750,3.8508,26356
2025-12-10_SALambdaOnWeights,a091e3bd-009c-47de-9874-e11e41a988d0,1000,3.6843,41303
2025-12-10_SALambdaOnWeights,a091e3bd-009c-47de-9874-e11e41a988d0,1250,3.5707,56251
2025-12-10_SALambdaOnWeights,a091e3bd-009c-47de-9874-e11e41a988d0,1500,3.4688,73575
2025-12-10_SALambdaOnWeights,a091e3bd-009c-47de-9874-e11e41a988d0,1750,3.3764,95435
2025-12-10_SALambdaOnWeights,a091e3bd-009c-47de-9874-e11e41a988d0,2000,3.3075,117317
2025-12-10_SALambdaOnWeights,a091e3bd-009c-47de-9874-e11e41a988d0,2160,3.275,131325
2025-12-10_SALambdaOnWeights,f7f7a693-5729-48c9-9a7d-208836f10327,0,10.8258,0
2025-12-10_SALambdaOnWeights,f7f7a693-5729-48c9-9a7d-208836f10327,250,4.3013,8415
2025-12-10_SALambdaOnWeights,f7f7a693-5729-48c9-9a7d-208836f10327,500,4.0109,16756
2025-12-10_SALambdaOnWeights,f7f7a693-5729-48c9-9a7d-208836f10327,750,3.8524,26231
2025-12-10_SALambdaOnWeights,f7f7a693-5729-48c9-9a7d-208836f10327,1000,3.6886,41178
2025-12-10_SALambdaOnWeights,f7f7a693-5729-48c9-9a7d-208836f10327,1250,3.5704,56119
2025-12-10_SALambdaOnWeights,f7f7a693-5729-48c9-9a7d-208836f10327,1500,3.4699,73438
2025-12-10_SALambdaOnWeights,f7f7a693-5729-48c9-9a7d-208836f10327,1750,3.3815,95292
2025-12-10_SALambdaOnWeights,f7f7a693-5729-48c9-9a7d-208836f10327,2000,3.3119,117145
2025-12-10_SALambdaOnWeights,f7f7a693-5729-48c9-9a7d-208836f10327,2160,3.2797,131145
2025-12-10_SALambdaOnWeights,717bc1fb-66cd-43dc-ad1a-b46f946ccb84,0,10.8258,0
2025-12-10_SALambdaOnWeights,717bc1fb-66cd-43dc-ad1a-b46f946ccb84,250,4.3129,8420
2025-12-10_SALambdaOnWeights,717bc1fb-66cd-43dc-ad1a-b46f946ccb84,500,4.0132,16799
2025-12-10_SALambdaOnWeights,717bc1fb-66cd-43dc-ad1a-b46f946ccb84,750,3.8493,26280
2025-12-10_SALambdaOnWeights,717bc1fb-66cd-43dc-ad1a-b46f946ccb84,1000,3.6903,41235
2025-12-10_SALambdaOnWeights,717bc1fb-66cd-43dc-ad1a-b46f946ccb84,1250,3.5729,56185
2025-12-10_SALambdaOnWeights,717bc1fb-66cd-43dc-ad1a-b46f946ccb84,1500,3.4693,73516
2025-12-10_SALambdaOnWeights,717bc1fb-66cd-43dc-ad1a-b46f946ccb84,1750,3.3787,95381
2025-12-10_SALambdaOnWeights,717bc1fb-66cd-43dc-ad1a-b46f946ccb84,2000,3.3094,117260
2025-12-10_SALambdaOnWeights,717bc1fb-66cd-43dc-ad1a-b46f946ccb84,2160,3.2769,131273
2025-12-10_SALambdaOnWeights,7770e75a-c7ef-4c7c-bd77-94bff0152546,0,10.8258,0
2025-12-10_SALambdaOnWeights,7770e75a-c7ef-4c7c-bd77-94bff0152546,250,4.301,8425
2025-12-10_SALambdaOnWeights,7770e75a-c7ef-4c7c-bd77-94bff0152546,500,4.0124,16760
2025-12-10_SALambdaOnWeights,7770e75a-c7ef-4c7c-bd77-94bff0152546,750,3.8475,26238
2025-12-10_SALambdaOnWeights,7770e75a-c7ef-4c7c-bd77-94bff0152546,1000,3.6928,41191
2025-12-10_SALambdaOnWeights,7770e75a-c7ef-4c7c-bd77-94bff0152546,1250,3.571,56151
2025-12-10_SALambdaOnWeights,7770e75a-c7ef-4c7c-bd77-94bff0152546,1500,3.47,73483
2025-12-10_SALambdaOnWeights,7770e75a-c7ef-4c7c-bd77-94bff0152546,1750,3.3791,95340
2025-12-10_SALambdaOnWeights,7770e75a-c7ef-4c7c-bd77-94bff0152546,2000,3.3099,117211
2025-12-10_SALambdaOnWeights,7770e75a-c7ef-4c7c-bd77-94bff0152546,2160,3.2775,131227
2025-12-10_SALambdaOnWeights,54df456d-31a2-4fd5-9738-9008df956409,0,10.8258,0
2025-12-10_SALambdaOnWeights,54df456d-31a2-4fd5-9738-9008df956409,250,4.3075,8417
2025-12-10_SALambdaOnWeights,54df456d-31a2-4fd5-9738-9008df956409,500,4.0097,16745
2025-12-10_SALambdaOnWeights,54df456d-31a2-4fd5-9738-9008df956409,750,3.8532,26260
2025-12-10_SALambdaOnWeights,54df456d-31a2-4fd5-9738-9008df956409,1000,3.6858,41236
2025-12-10_SALambdaOnWeights,54df456d-31a2-4fd5-9738-9008df956409,1250,3.573,56176
2025-12-10_SALambdaOnWeights,54df456d-31a2-4fd5-9738-9008df956409,1500,3.4695,73499
2025-12-10_SALambdaOnWeights,54df456d-31a2-4fd5-9738-9008df956409,1750,3.38,95354
2025-12-10_SALambdaOnWeights,54df456d-31a2-4fd5-9738-9008df956409,2000,3.311,117209
2025-12-10_SALambdaOnWeights,54df456d-31a2-4fd5-9738-9008df956409,2160,3.2789,131225
2025-12-10_SALambdaOnWeights,da3b6330-cbe2-42ab-b1e9-d3cf59f91676,0,10.8258,0
2025-12-10_SALambdaOnWeights,da3b6330-cbe2-42ab-b1e9-d3cf59f91676,250,4.309,8416
2025-12-10_SALambdaOnWeights,da3b6330-cbe2-42ab-b1e9-d3cf59f91676,500,4.0114,16715
2025-12-10_SALambdaOnWeights,da3b6330-cbe2-42ab-b1e9-d3cf59f91676,750,3.8552,26162
2025-12-10_SALambdaOnWeights,da3b6330-cbe2-42ab-b1e9-d3cf59f91676,1000,3.6884,41087
2025-12-10_SALambdaOnWeights,da3b6330-cbe2-42ab-b1e9-d3cf59f91676,1250,3.5728,56021
2025-12-10_SALambdaOnWeights,da3b6330-cbe2-42ab-b1e9-d3cf59f91676,1500,3.4668,73339
2025-12-10_SALambdaOnWeights,da3b6330-cbe2-42ab-b1e9-d3cf59f91676,1750,3.3773,95192
2025-12-10_SALambdaOnWeights,da3b6330-cbe2-42ab-b1e9-d3cf59f91676,2000,3.3088,117044
2025-12-10_SALambdaOnWeights,da3b6330-cbe2-42ab-b1e9-d3cf59f91676,2160,3.2769,131047
2025-12-10_SALambdaOnWeights,e1f05248-72d6-4ef4-bc75-72c263933774,0,10.8258,0
2025-12-10_SALambdaOnWeights,e1f05248-72d6-4ef4-bc75-72c263933774,250,4.3151,8439
2025-12-10_SALambdaOnWeights,e1f05248-72d6-4ef4-bc75-72c263933774,500,4.0191,16769
2025-12-10_SALambdaOnWeights,e1f05248-72d6-4ef4-bc75-72c263933774,750,3.8551,26256
2025-12-10_SALambdaOnWeights,e1f05248-72d6-4ef4-bc75-72c263933774,1000,3.6956,41228
2025-12-10_SALambdaOnWeights,e1f05248-72d6-4ef4-bc75-72c263933774,1250,3.5761,56167
2025-12-10_SALambdaOnWeights,e1f05248-72d6-4ef4-bc75-72c263933774,1500,3.4748,73479
2025-12-10_SALambdaOnWeights,e1f05248-72d6-4ef4-bc75-72c263933774,1750,3.3838,95330
2025-12-10_SALambdaOnWeights,e1f05248-72d6-4ef4-bc75-72c263933774,2000,3.3135,117213
2025-12-10_SALambdaOnWeights,e1f05248-72d6-4ef4-bc75-72c263933774,2160,3.2808,131236
2025-12-10_SALambdaOnWeights,167f03c6-4035-4d50-b2bc-1671c420e250,0,10.8258,0
2025-12-10_SALambdaOnWeights,167f03c6-4035-4d50-b2bc-1671c420e250,250,4.3501,8413
2025-12-10_SALambdaOnWeights,167f03c6-4035-4d50-b2bc-1671c420e250,500,4.0084,16742
2025-12-10_SALambdaOnWeights,167f03c6-4035-4d50-b2bc-1671c420e250,750,3.8504,26267
2025-12-10_SALambdaOnWeights,167f03c6-4035-4d50-b2bc-1671c420e250,1000,3.6969,41213
2025-12-10_SALambdaOnWeights,167f03c6-4035-4d50-b2bc-1671c420e250,1250,3.5705,56155
2025-12-10_SALambdaOnWeights,167f03c6-4035-4d50-b2bc-1671c420e250,1500,3.472,73482
2025-12-10_SALambdaOnWeights,167f03c6-4035-4d50-b2bc-1671c420e250,1750,3.3799,95349
2025-12-10_SALambdaOnWeights,167f03c6-4035-4d50-b2bc-1671c420e250,2000,3.311,117223
2025-12-10_SALambdaOnWeights,167f03c6-4035-4d50-b2bc-1671c420e250,2160,3.2785,131239
2025-12-10_SALambdaOnWeights,15ef5eaf-56e1-40e1-9ddf-af010027c9dd,0,10.8258,0
2025-12-10_SALambdaOnWeights,15ef5eaf-56e1-40e1-9ddf-af010027c9dd,250,4.3813,8457
2025-12-10_SALambdaOnWeights,15ef5eaf-56e1-40e1-9ddf-af010027c9dd,500,4.0101,16778
2025-12-10_SALambdaOnWeights,15ef5eaf-56e1-40e1-9ddf-af010027c9dd,750,3.8463,26268
2025-12-10_SALambdaOnWeights,15ef5eaf-56e1-40e1-9ddf-af010027c9dd,1000,3.6952,41252
2025-12-10_SALambdaOnWeights,15ef5eaf-56e1-40e1-9ddf-af010027c9dd,1250,3.5682,56192
2025-12-10_SALambdaOnWeights,15ef5eaf-56e1-40e1-9ddf-af010027c9dd,1500,3.4673,73514
2025-12-10_SALambdaOnWeights,15ef5eaf-56e1-40e1-9ddf-af010027c9dd,1750,3.3772,95369
2025-12-10_SALambdaOnWeights,15ef5eaf-56e1-40e1-9ddf-af010027c9dd,2000,3.308,117225
2025-12-10_SALambdaOnWeights,15ef5eaf-56e1-40e1-9ddf-af010027c9dd,2160,3.2762,131233
2025-11-29_BatchSizeSchedule,c06a8a88-2a82-4f34-becf-91dd3b847939,0,10.8258,0
2025-11-29_BatchSizeSchedule,c06a8a88-2a82-4f34-becf-91dd3b847939,250,4.3116,8617
2025-11-29_BatchSizeSchedule,c06a8a88-2a82-4f34-becf-91dd3b847939,500,4.0141,17015
2025-11-29_BatchSizeSchedule,c06a8a88-2a82-4f34-becf-91dd3b847939,750,3.8482,26560
2025-11-29_BatchSizeSchedule,c06a8a88-2a82-4f34-becf-91dd3b847939,1000,3.692,41591
2025-11-29_BatchSizeSchedule,c06a8a88-2a82-4f34-becf-91dd3b847939,1250,3.5751,56600
2025-11-29_BatchSizeSchedule,c06a8a88-2a82-4f34-becf-91dd3b847939,1500,3.4708,74025
2025-11-29_BatchSizeSchedule,c06a8a88-2a82-4f34-becf-91dd3b847939,1750,3.3818,96046
2025-11-29_BatchSizeSchedule,c06a8a88-2a82-4f34-becf-91dd3b847939,2000,3.3128,118060
2025-11-29_BatchSizeSchedule,c06a8a88-2a82-4f34-becf-91dd3b847939,2160,3.2806,132190
2025-11-29_BatchSizeSchedule,24aab4d6-2e8b-418e-a510-478d40ba1a60,0,10.8258,0
2025-11-29_BatchSizeSchedule,24aab4d6-2e8b-418e-a510-478d40ba1a60,250,4.3059,8625
2025-11-29_BatchSizeSchedule,24aab4d6-2e8b-418e-a510-478d40ba1a60,500,4.0088,17010
2025-11-29_BatchSizeSchedule,24aab4d6-2e8b-418e-a510-478d40ba1a60,750,3.8504,26545
2025-11-29_BatchSizeSchedule,24aab4d6-2e8b-418e-a510-478d40ba1a60,1000,3.6888,41570
2025-11-29_BatchSizeSchedule,24aab4d6-2e8b-418e-a510-478d40ba1a60,1250,3.5716,56592
2025-11-29_BatchSizeSchedule,24aab4d6-2e8b-418e-a510-478d40ba1a60,1500,3.4702,74030
2025-11-29_BatchSizeSchedule,24aab4d6-2e8b-418e-a510-478d40ba1a60,1750,3.3792,96037
2025-11-29_BatchSizeSchedule,24aab4d6-2e8b-418e-a510-478d40ba1a60,2000,3.3101,118061
2025-11-29_BatchSizeSchedule,24aab4d6-2e8b-418e-a510-478d40ba1a60,2160,3.2784,132179
2025-11-29_BatchSizeSchedule,val_every_five_before,0,10.8258,0
2025-11-29_BatchSizeSchedule,val_every_five_before,5,7.6958,361
2025-11-29_BatchSizeSchedule,val_every_five_before,10,6.8112,674
2025-11-29_BatchSizeSchedule,val_every_five_before,15,6.3803,987
2025-11-29_BatchSizeSchedule,val_every_five_before,20,6.1659,1297
2025-11-29_BatchSizeSchedule,val_every_five_before,25,5.9829,1608
2025-11-29_BatchSizeSchedule,val_every_five_before,30,5.7931,1924
2025-11-29_BatchSizeSchedule,val_every_five_before,35,5.6509,2233
2025-11-29_BatchSizeSchedule,val_every_five_before,40,5.5398,2548
2025-11-29_BatchSizeSchedule,val_every_five_before,45,5.4089,2857
2025-11-29_BatchSizeSchedule,val_every_five_before,50,5.3411,3167
2025-11-29_BatchSizeSchedule,val_every_five_before,55,5.2397,3479
2025-11-29_BatchSizeSchedule,val_every_five_before,60,5.186,3794
2025-11-29_BatchSizeSchedule,val_every_five_before,65,5.1041,4101
2025-11-29_BatchSizeSchedule,val_every_five_before,70,5.0613,4418
2025-11-29_BatchSizeSchedule,val_every_five_before,75,4.9825,4726
2025-11-29_BatchSizeSchedule,val_every_five_before,80,4.9241,5038
2025-11-29_BatchSizeSchedule,val_every_five_before,85,4.8685,5347
2025-11-29_BatchSizeSchedule,val_every_five_before,90,4.8215,5660
2025-11-29_BatchSizeSchedule,val_every_five_before,95,4.7546,5969
2025-11-29_BatchSizeSchedule,val_every_five_before,100,4.7051,6280
2025-11-29_BatchSizeSchedule,val_every_five_before,105,4.6488,6591
2025-11-29_BatchSizeSchedule,val_every_five_before,110,4.61,6904
2025-11-29_BatchSizeSchedule,val_every_five_before,115,4.5531,7218
2025-11-29_BatchSizeSchedule,val_every_five_before,120,4.5381,7529
2025-11-29_BatchSizeSchedule,val_every_five_before,125,4.4772,7840
2025-11-29_BatchSizeSchedule,val_every_five_before,130,4.4574,8153
2025-11-29_BatchSizeSchedule,val_every_five_before,135,4.4134,8463
2025-11-29_BatchSizeSchedule,val_every_five_before,140,4.3989,8770
2025-11-29_BatchSizeSchedule,val_every_five_before,145,4.3663,9078
2025-11-29_BatchSizeSchedule,val_every_five_before,150,4.3583,9389
2025-11-29_BatchSizeSchedule,val_every_five_before,155,4.3248,9695
2025-11-29_BatchSizeSchedule,val_every_five_before,160,4.3028,10005
2025-11-29_BatchSizeSchedule,val_every_five_before,165,4.2864,10312
2025-11-29_BatchSizeSchedule,val_every_five_before,170,4.2739,10622
2025-11-29_BatchSizeSchedule,val_every_five_before,175,4.2523,10932
2025-11-29_BatchSizeSchedule,val_every_five_before,180,4.246,11242
2025-11-29_BatchSizeSchedule,val_every_five_before,185,4.2265,11552
2025-11-29_BatchSizeSchedule,val_every_five_before,190,4.2664,11864
2025-11-29_BatchSizeSchedule,val_every_five_before,195,4.2035,12173
2025-11-29_BatchSizeSchedule,val_every_five_before,200,4.1848,12483
2025-11-29_BatchSizeSchedule,val_every_five_before,205,4.1747,12790
2025-11-29_BatchSizeSchedule,val_every_five_before,210,4.1682,13100
2025-11-29_BatchSizeSchedule,val_every_five_before,215,4.1459,13404
2025-11-29_BatchSizeSchedule,val_every_five_before,220,4.1396,13710
2025-11-29_BatchSizeSchedule,val_every_five_before,225,4.1266,14014
2025-11-29_BatchSizeSchedule,val_every_five_before,230,4.1242,14323
2025-11-29_BatchSizeSchedule,val_every_five_before,235,4.1122,14631
2025-11-29_BatchSizeSchedule,val_every_five_before,240,4.1062,14937
2025-11-29_BatchSizeSchedule,val_every_five_before,245,4.0901,15245
2025-11-29_BatchSizeSchedule,val_every_five_before,250,4.0945,15556
2025-11-29_BatchSizeSchedule,val_every_five_before,255,4.0735,15859
2025-11-29_BatchSizeSchedule,val_every_five_before,260,4.081,16165
2025-11-29_BatchSizeSchedule,val_every_five_before,265,4.0669,16474
2025-11-29_BatchSizeSchedule,val_every_five_before,270,4.0616,16784
2025-11-29_BatchSizeSchedule,val_every_five_before,275,4.0445,17092
2025-11-29_BatchSizeSchedule,val_every_five_before,280,4.0414,17404
2025-11-29_BatchSizeSchedule,val_every_five_before,285,4.0313,17711
2025-11-29_BatchSizeSchedule,val_every_five_before,290,4.0323,18023
2025-11-29_BatchSizeSchedule,val_every_five_before,295,4.0193,18331
2025-11-29_BatchSizeSchedule,val_every_five_before,300,4.0124,18635
2025-11-29_BatchSizeSchedule,val_every_five_before,305,4.0071,18942
2025-11-29_BatchSizeSchedule,val_every_five_before,310,4.0053,19251
2025-11-29_BatchSizeSchedule,val_every_five_before,315,3.9952,19558
2025-11-29_BatchSizeSchedule,val_every_five_before,320,3.9965,19868
2025-11-29_BatchSizeSchedule,val_every_five_before,325,3.9883,20175
2025-11-29_BatchSizeSchedule,val_every_five_before,330,3.9762,20485
2025-11-29_BatchSizeSchedule,val_every_five_before,335,3.9712,20792
2025-11-29_BatchSizeSchedule,val_every_five_before,340,3.9773,21101
2025-11-29_BatchSizeSchedule,val_every_five_before,345,3.9663,21409
2025-11-29_BatchSizeSchedule,val_every_five_before,350,3.9668,21721
2025-11-29_BatchSizeSchedule,val_every_five_before,355,3.947,22027
2025-11-29_BatchSizeSchedule,val_every_five_before,360,3.9473,22332
2025-11-29_BatchSizeSchedule,val_every_five_before,365,3.9362,22638
2025-11-29_BatchSizeSchedule,val_every_five_before,370,3.9315,22946
2025-11-29_BatchSizeSchedule,val_every_five_before,375,3.926,23249
2025-11-29_BatchSizeSchedule,val_every_five_before,380,3.9221,23554
2025-11-29_BatchSizeSchedule,val_every_five_before,385,3.9131,23863
2025-11-29_BatchSizeSchedule,val_every_five_before,390,3.9127,24174
2025-11-29_BatchSizeSchedule,val_every_five_before,395,3.9057,24479
2025-11-29_BatchSizeSchedule,val_every_five_before,400,3.9014,24787
2025-11-29_BatchSizeSchedule,val_every_five_before,405,3.8966,25093
2025-11-29_BatchSizeSchedule,val_every_five_before,410,3.8949,25404
2025-11-29_BatchSizeSchedule,val_every_five_before,415,3.8884,25712
2025-11-29_BatchSizeSchedule,val_every_five_before,420,3.9086,26021
2025-11-29_BatchSizeSchedule,val_every_five_before,425,3.8833,26331
2025-11-29_BatchSizeSchedule,val_every_five_before,430,3.8786,26641
2025-11-29_BatchSizeSchedule,val_every_five_before,435,3.8724,26949
2025-11-29_BatchSizeSchedule,val_every_five_before,440,3.8667,27260
2025-11-29_BatchSizeSchedule,val_every_five_before,445,3.8621,27570
2025-11-29_BatchSizeSchedule,val_every_five_before,450,3.856,27880
2025-11-29_BatchSizeSchedule,val_every_five_before,455,3.855,28194
2025-11-29_BatchSizeSchedule,val_every_five_before,460,3.8519,28504
2025-11-29_BatchSizeSchedule,val_every_five_before,465,3.8465,28808
2025-11-29_BatchSizeSchedule,val_every_five_before,470,3.8419,29115
2025-11-29_BatchSizeSchedule,val_every_five_before,475,3.8405,29426
2025-11-29_BatchSizeSchedule,val_every_five_before,480,3.8366,29741
2025-11-29_BatchSizeSchedule,val_every_five_before,485,3.8321,30049
2025-11-29_BatchSizeSchedule,val_every_five_before,490,3.8302,30356
2025-11-29_BatchSizeSchedule,val_every_five_before,495,3.8242,30663
2025-11-29_BatchSizeSchedule,val_every_five_before,500,3.8236,30976
2025-11-29_BatchSizeSchedule,val_every_five_before,505,3.8165,31281
2025-11-29_BatchSizeSchedule,val_every_five_before,510,3.8156,31590
2025-11-29_BatchSizeSchedule,val_every_five_before,515,3.809,31897
2025-11-29_BatchSizeSchedule,val_every_five_before,520,3.8115,32209
2025-11-29_BatchSizeSchedule,val_every_five_before,525,3.8068,32517
2025-11-29_BatchSizeSchedule,val_every_five_before,530,3.8266,32826
2025-11-29_BatchSizeSchedule,val_every_five_before,535,3.8022,33131
2025-11-29_BatchSizeSchedule,val_every_five_before,540,3.7999,33440
2025-11-29_BatchSizeSchedule,val_every_five_before,545,3.7938,33745
2025-11-29_BatchSizeSchedule,val_every_five_before,550,3.7924,34056
2025-11-29_BatchSizeSchedule,val_every_five_before,555,3.7877,34359
2025-11-29_BatchSizeSchedule,val_every_five_before,560,3.7873,34667
2025-11-29_BatchSizeSchedule,val_every_five_before,565,3.7837,34974
2025-11-29_BatchSizeSchedule,val_every_five_before,570,3.7784,35283
2025-11-29_BatchSizeSchedule,val_every_five_before,575,3.7749,35591
2025-11-29_BatchSizeSchedule,val_every_five_before,580,3.7756,35901
2025-11-29_BatchSizeSchedule,val_every_five_before,585,3.7709,36209
2025-11-29_BatchSizeSchedule,val_every_five_before,590,3.7665,36516
2025-11-29_BatchSizeSchedule,val_every_five_before,595,3.7647,36824
2025-11-29_BatchSizeSchedule,val_every_five_before,600,3.7647,37132
2025-11-29_BatchSizeSchedule,val_every_five_before,605,3.7588,37444
2025-11-29_BatchSizeSchedule,val_every_five_before,610,3.7634,37758
2025-11-29_BatchSizeSchedule,val_every_five_before,615,3.7551,38066
2025-11-29_BatchSizeSchedule,val_every_five_before,620,3.7547,38376
2025-11-29_BatchSizeSchedule,val_every_five_before,625,3.7499,38683
2025-11-29_BatchSizeSchedule,val_every_five_before,630,3.7481,38995
2025-11-29_BatchSizeSchedule,val_every_five_before,635,3.7451,39302
2025-11-29_BatchSizeSchedule,val_every_five_before,640,3.7468,39611
2025-11-29_BatchSizeSchedule,val_every_five_before,645,3.7427,39921
2025-11-29_BatchSizeSchedule,val_every_five_before,650,3.7396,40233
2025-11-29_BatchSizeSchedule,val_every_five_before,655,3.7358,40543
2025-11-29_BatchSizeSchedule,val_every_five_before,660,3.7373,40851
2025-11-29_BatchSizeSchedule,val_every_five_before,665,3.7317,41159
2025-11-29_BatchSizeSchedule,val_every_five_before,670,3.729,41469
2025-11-29_BatchSizeSchedule,val_every_five_before,675,3.7275,41773
2025-11-29_BatchSizeSchedule,val_every_five_before,680,3.7288,42079
2025-11-29_BatchSizeSchedule,val_every_five_before,685,3.7235,42386
2025-11-29_BatchSizeSchedule,val_every_five_before,690,3.7282,42697
2025-11-29_BatchSizeSchedule,val_every_five_before,695,3.7178,43002
2025-11-29_BatchSizeSchedule,val_every_five_before,700,3.7197,43310
2025-11-29_BatchSizeSchedule,val_every_five_before,705,3.7126,43618
2025-11-29_BatchSizeSchedule,val_every_five_before,710,3.7143,43928
2025-11-29_BatchSizeSchedule,val_every_five_before,715,3.7102,44230
2025-11-29_BatchSizeSchedule,val_every_five_before,720,3.7109,44539
2025-11-29_BatchSizeSchedule,val_every_five_before,725,3.7053,44845
2025-11-29_BatchSizeSchedule,val_every_five_before,730,3.6983,45155
2025-11-29_BatchSizeSchedule,val_every_five_before,735,3.6793,45461
2025-11-29_BatchSizeSchedule,val_every_five_before,740,3.6767,45771
2025-11-29_BatchSizeSchedule,val_every_five_before,745,3.6702,46082
2025-11-29_BatchSizeSchedule,val_every_five_before,750,3.6709,46399
2025-11-29_BatchSizeSchedule,val_every_five_before,755,3.6689,46708
2025-11-29_BatchSizeSchedule,val_every_five_before,760,3.6635,47024
2025-11-29_BatchSizeSchedule,val_every_five_before,765,3.6611,47332
2025-11-29_BatchSizeSchedule,val_every_five_before,770,3.6617,47642
2025-11-29_BatchSizeSchedule,val_every_five_before,775,3.6549,47954
2025-11-29_BatchSizeSchedule,val_every_five_before,780,3.6558,48267
2025-11-29_BatchSizeSchedule,val_every_five_before,785,3.653,48576
2025-11-29_BatchSizeSchedule,val_every_five_before,790,3.6524,48892
2025-11-29_BatchSizeSchedule,val_every_five_before,795,3.6481,49201
2025-11-29_BatchSizeSchedule,val_every_five_before,800,3.648,49515
2025-11-29_BatchSizeSchedule,val_every_five_before,805,3.6452,49825
2025-11-29_BatchSizeSchedule,val_every_five_before,810,3.6444,50138
2025-11-29_BatchSizeSchedule,val_every_five_before,815,3.6425,50450
2025-11-29_BatchSizeSchedule,val_every_five_before,820,3.6402,50761
2025-11-29_BatchSizeSchedule,val_every_five_before,825,3.6376,51073
2025-11-29_BatchSizeSchedule,val_every_five_before,830,3.6382,51388
2025-11-29_BatchSizeSchedule,val_every_five_before,835,3.6344,51700
2025-11-29_BatchSizeSchedule,val_every_five_before,840,3.6558,52015
2025-11-29_BatchSizeSchedule,val_every_five_before,845,3.6427,52324
2025-11-29_BatchSizeSchedule,val_every_five_before,850,3.634,52638
2025-11-29_BatchSizeSchedule,val_every_five_before,855,3.6311,52948
2025-11-29_BatchSizeSchedule,val_every_five_before,860,3.6281,53261
2025-11-29_BatchSizeSchedule,val_every_five_before,865,3.6255,53569
2025-11-29_BatchSizeSchedule,val_every_five_before,870,3.6253,53883
2025-11-29_BatchSizeSchedule,val_every_five_before,875,3.624,54193
2025-11-29_BatchSizeSchedule,val_every_five_before,880,3.6222,54508
2025-11-29_BatchSizeSchedule,val_every_five_before,885,3.6213,54815
2025-11-29_BatchSizeSchedule,val_every_five_before,890,3.6209,55130
2025-11-29_BatchSizeSchedule,val_every_five_before,895,3.616,55441
2025-11-29_BatchSizeSchedule,val_every_five_before,900,3.6175,55752
2025-11-29_BatchSizeSchedule,val_every_five_before,905,3.6143,56061
2025-11-29_BatchSizeSchedule,val_every_five_before,910,3.6129,56373
2025-11-29_BatchSizeSchedule,val_every_five_before,915,3.612,56682
2025-11-29_BatchSizeSchedule,val_every_five_before,920,3.6126,56996
2025-11-29_BatchSizeSchedule,val_every_five_before,925,3.6103,57306
2025-11-29_BatchSizeSchedule,val_every_five_before,930,3.6107,57617
2025-11-29_BatchSizeSchedule,val_every_five_before,935,3.6081,57930
2025-11-29_BatchSizeSchedule,val_every_five_before,940,3.6045,58240
2025-11-29_BatchSizeSchedule,val_every_five_before,945,3.6036,58549
2025-11-29_BatchSizeSchedule,val_every_five_before,950,3.6031,58862
2025-11-29_BatchSizeSchedule,val_every_five_before,955,3.6018,59170
2025-11-29_BatchSizeSchedule,val_every_five_before,960,3.6004,59488
2025-11-29_BatchSizeSchedule,val_every_five_before,965,3.5976,59800
2025-11-29_BatchSizeSchedule,val_every_five_before,970,3.5992,60114
2025-11-29_BatchSizeSchedule,val_every_five_before,975,3.5954,60427
2025-11-29_BatchSizeSchedule,val_every_five_before,980,3.5956,60742
2025-11-29_BatchSizeSchedule,val_every_five_before,985,3.5921,61051
2025-11-29_BatchSizeSchedule,val_every_five_before,990,3.5916,61365
2025-11-29_BatchSizeSchedule,val_every_five_before,995,3.5903,61674
2025-11-29_BatchSizeSchedule,val_every_five_before,1000,3.5914,61987
2025-11-29_BatchSizeSchedule,val_every_five_before,1005,3.588,62298
2025-11-29_BatchSizeSchedule,val_every_five_before,1010,3.5919,62613
2025-11-29_BatchSizeSchedule,val_every_five_before,1015,3.5907,62924
2025-11-29_BatchSizeSchedule,val_every_five_before,1020,3.5887,63236
2025-11-29_BatchSizeSchedule,val_every_five_before,1025,3.5835,63551
2025-11-29_BatchSizeSchedule,val_every_five_before,1030,3.5824,63868
2025-11-29_BatchSizeSchedule,val_every_five_before,1035,3.5822,64179
2025-11-29_BatchSizeSchedule,val_every_five_before,1040,3.5814,64495
2025-11-29_BatchSizeSchedule,val_every_five_before,1045,3.5792,64808
2025-11-29_BatchSizeSchedule,val_every_five_before,1050,3.5783,65123
2025-11-29_BatchSizeSchedule,val_every_five_before,1055,3.5757,65435
2025-11-29_BatchSizeSchedule,val_every_five_before,1060,3.5753,65752
2025-11-29_BatchSizeSchedule,val_every_five_before,1065,3.5737,66062
2025-11-29_BatchSizeSchedule,val_every_five_before,1070,3.5753,66379
2025-11-29_BatchSizeSchedule,val_every_five_before,1075,3.5716,66690
2025-11-29_BatchSizeSchedule,val_every_five_before,1080,3.5739,67001
2025-11-29_BatchSizeSchedule,val_every_five_before,1085,3.5714,67314
2025-11-29_BatchSizeSchedule,val_every_five_before,1090,3.574,67627
2025-11-29_BatchSizeSchedule,val_every_five_before,1095,3.5675,67937
2025-11-29_BatchSizeSchedule,val_every_five_before,1100,3.5679,68250
2025-11-29_BatchSizeSchedule,val_every_five_before,1105,3.566,68560
2025-11-29_BatchSizeSchedule,val_every_five_before,1110,3.5662,68873
2025-11-29_BatchSizeSchedule,val_every_five_before,1115,3.5631,69186
2025-11-29_BatchSizeSchedule,val_every_five_before,1120,3.5625,69502
2025-11-29_BatchSizeSchedule,val_every_five_before,1125,3.5605,69818
2025-11-29_BatchSizeSchedule,val_every_five_before,1130,3.5591,70132
2025-11-29_BatchSizeSchedule,val_every_five_before,1135,3.5561,70443
2025-11-29_BatchSizeSchedule,val_every_five_before,1140,3.5558,70757
2025-11-29_BatchSizeSchedule,val_every_five_before,1145,3.5536,71067
2025-11-29_BatchSizeSchedule,val_every_five_before,1150,3.5528,71384
2025-11-29_BatchSizeSchedule,val_every_five_before,1155,3.5506,71698
2025-11-29_BatchSizeSchedule,val_every_five_before,1160,3.5506,72014
2025-11-29_BatchSizeSchedule,val_every_five_before,1165,3.5494,72325
2025-11-29_BatchSizeSchedule,val_every_five_before,1170,3.5499,72636
2025-11-29_BatchSizeSchedule,val_every_five_before,1175,3.5433,72947
2025-11-29_BatchSizeSchedule,val_every_five_before,1180,3.5436,73261
2025-11-29_BatchSizeSchedule,val_every_five_before,1185,3.5402,73572
2025-11-29_BatchSizeSchedule,val_every_five_before,1190,3.5401,73886
2025-11-29_BatchSizeSchedule,val_every_five_before,1195,3.5368,74196
2025-11-29_BatchSizeSchedule,val_every_five_before,1200,3.5347,74509
2025-11-29_BatchSizeSchedule,val_every_five_before,1205,3.5334,74821
2025-11-29_BatchSizeSchedule,val_every_five_before,1210,3.532,75133
2025-11-29_BatchSizeSchedule,val_every_five_before,1215,3.5294,75442
2025-11-29_BatchSizeSchedule,val_every_five_before,1220,3.5304,75758
2025-11-29_BatchSizeSchedule,val_every_five_before,1225,3.5265,76070
2025-11-29_BatchSizeSchedule,val_every_five_before,1230,3.5256,76384
2025-11-29_BatchSizeSchedule,val_every_five_before,1235,3.5234,76696
2025-11-29_BatchSizeSchedule,val_every_five_before,1240,3.5262,77010
2025-11-29_BatchSizeSchedule,val_every_five_before,1245,3.5208,77322
2025-11-29_BatchSizeSchedule,val_every_five_before,1250,3.5196,77633
2025-11-29_BatchSizeSchedule,val_every_five_before,1255,3.5172,77944
2025-11-29_BatchSizeSchedule,val_every_five_before,1260,3.5152,78257
2025-11-29_BatchSizeSchedule,val_every_five_before,1265,3.5151,78572
2025-11-29_BatchSizeSchedule,val_every_five_before,1270,3.5134,78885
2025-11-29_BatchSizeSchedule,val_every_five_before,1275,3.5111,79193
2025-11-29_BatchSizeSchedule,val_every_five_before,1280,3.5126,79508
2025-11-29_BatchSizeSchedule,val_every_five_before,1285,3.5085,79819
2025-11-29_BatchSizeSchedule,val_every_five_before,1290,3.5087,80129
2025-11-29_BatchSizeSchedule,val_every_five_before,1295,3.5065,80441
2025-11-29_BatchSizeSchedule,val_every_five_before,1300,3.5051,80754
2025-11-29_BatchSizeSchedule,val_every_five_before,1305,3.5017,81066
2025-11-29_BatchSizeSchedule,val_every_five_before,1310,3.5036,81379
2025-11-29_BatchSizeSchedule,val_every_five_before,1315,3.4985,81689
2025-11-29_BatchSizeSchedule,val_every_five_before,1320,3.4982,82005
2025-11-29_BatchSizeSchedule,val_every_five_before,1325,3.4973,82319
2025-11-29_BatchSizeSchedule,val_every_five_before,1330,3.4958,82633
2025-11-29_BatchSizeSchedule,val_every_five_before,1335,3.4929,82942
2025-11-29_BatchSizeSchedule,val_every_five_before,1340,3.4956,83257
2025-11-29_BatchSizeSchedule,val_every_five_before,1345,3.4912,83567
2025-11-29_BatchSizeSchedule,val_every_five_before,1350,3.4887,83880
2025-11-29_BatchSizeSchedule,val_every_five_before,1355,3.4871,84192
2025-11-29_BatchSizeSchedule,val_every_five_before,1360,3.4868,84507
2025-11-29_BatchSizeSchedule,val_every_five_before,1365,3.4847,84822
2025-11-29_BatchSizeSchedule,val_every_five_before,1370,3.4839,85130
2025-11-29_BatchSizeSchedule,val_every_five_before,1375,3.4818,85441
2025-11-29_BatchSizeSchedule,val_every_five_before,1380,3.4811,85756
2025-11-29_BatchSizeSchedule,val_every_five_before,1385,3.4793,86068
2025-11-29_BatchSizeSchedule,val_every_five_before,1390,3.4789,86385
2025-11-29_BatchSizeSchedule,val_every_five_before,1395,3.4759,86694
2025-11-29_BatchSizeSchedule,val_every_five_before,1400,3.475,87004
2025-11-29_BatchSizeSchedule,val_every_five_before,1405,3.4761,87316
2025-11-29_BatchSizeSchedule,val_every_five_before,1410,3.4723,87630
2025-11-29_BatchSizeSchedule,val_every_five_before,1415,3.4701,87939
2025-11-29_BatchSizeSchedule,val_every_five_before,1420,3.4703,88251
2025-11-29_BatchSizeSchedule,val_every_five_before,1425,3.4685,88565
2025-11-29_BatchSizeSchedule,val_every_five_before,1430,3.4662,88881
2025-11-29_BatchSizeSchedule,val_every_five_before,1435,3.465,89192
2025-11-29_BatchSizeSchedule,val_every_five_before,1440,3.4637,89509
2025-11-29_BatchSizeSchedule,val_every_five_before,1445,3.4627,89820
2025-11-29_BatchSizeSchedule,val_every_five_before,1450,3.4615,90135
2025-11-29_BatchSizeSchedule,val_every_five_before,1455,3.4583,90445
2025-11-29_BatchSizeSchedule,val_every_five_before,1460,3.4507,90764
2025-11-29_BatchSizeSchedule,val_every_five_before,1465,3.4488,91076
2025-11-29_BatchSizeSchedule,val_every_five_before,1470,3.4465,91388
2025-11-29_BatchSizeSchedule,val_every_five_before,1475,3.4448,91700
2025-11-29_BatchSizeSchedule,val_every_five_before,1480,3.4448,92014
2025-11-29_BatchSizeSchedule,val_every_five_before,1485,3.4411,92330
2025-11-29_BatchSizeSchedule,val_every_five_before,1490,3.4407,92646
2025-11-29_BatchSizeSchedule,val_every_five_before,1495,3.439,92961
2025-11-29_BatchSizeSchedule,val_every_five_before,1500,3.4377,93276
2025-11-29_BatchSizeSchedule,val_every_five_before,1505,3.4359,93589
2025-11-29_BatchSizeSchedule,val_every_five_before,1510,3.4347,93905
2025-11-29_BatchSizeSchedule,val_every_five_before,1515,3.4333,94219
2025-11-29_BatchSizeSchedule,val_every_five_before,1520,3.4324,94537
2025-11-29_BatchSizeSchedule,val_every_five_before,1525,3.4308,94854
2025-11-29_BatchSizeSchedule,val_every_five_before,1530,3.4345,95171
2025-11-29_BatchSizeSchedule,val_every_five_before,1535,3.4283,95486
2025-11-29_BatchSizeSchedule,val_every_five_before,1540,3.4268,95800
2025-11-29_BatchSizeSchedule,val_every_five_before,1545,3.4256,96110
2025-11-29_BatchSizeSchedule,val_every_five_before,1550,3.4239,96425
2025-11-29_BatchSizeSchedule,val_every_five_before,1555,3.4224,96739
2025-11-29_BatchSizeSchedule,val_every_five_before,1560,3.4206,97050
2025-11-29_BatchSizeSchedule,val_every_five_before,1565,3.4196,97365
2025-11-29_BatchSizeSchedule,val_every_five_before,1570,3.4186,97684
2025-11-29_BatchSizeSchedule,val_every_five_before,1575,3.4171,98003
2025-11-29_BatchSizeSchedule,val_every_five_before,1580,3.4169,98319
2025-11-29_BatchSizeSchedule,val_every_five_before,1585,3.4145,98634
2025-11-29_BatchSizeSchedule,val_every_five_before,1590,3.4135,98948
2025-11-29_BatchSizeSchedule,val_every_five_before,1595,3.4123,99259
2025-11-29_BatchSizeSchedule,val_every_five_before,1600,3.4112,99572
2025-11-29_BatchSizeSchedule,val_every_five_before,1605,3.4091,99884
2025-11-29_BatchSizeSchedule,val_every_five_before,1610,3.4086,100196
2025-11-29_BatchSizeSchedule,val_every_five_before,1615,3.4069,100508
2025-11-29_BatchSizeSchedule,val_every_five_before,1620,3.4063,100823
2025-11-29_BatchSizeSchedule,val_every_five_before,1625,3.4047,101137
2025-11-29_BatchSizeSchedule,val_every_five_before,1630,3.4032,101454
2025-11-29_BatchSizeSchedule,val_every_five_before,1635,3.4016,101769
2025-11-29_BatchSizeSchedule,val_every_five_before,1640,3.4009,102081
2025-11-29_BatchSizeSchedule,val_every_five_before,1645,3.3995,102395
2025-11-29_BatchSizeSchedule,val_every_five_before,1650,3.3982,102711
2025-11-29_BatchSizeSchedule,val_every_five_before,1655,3.3971,103022
2025-11-29_BatchSizeSchedule,val_every_five_before,1660,3.3954,103337
2025-11-29_BatchSizeSchedule,val_every_five_before,1665,3.3941,103652
2025-11-29_BatchSizeSchedule,val_every_five_before,1670,3.393,103967
2025-11-29_BatchSizeSchedule,val_every_five_before,1675,3.3922,104281
2025-11-29_BatchSizeSchedule,val_every_five_before,1680,3.3919,104598
2025-11-29_BatchSizeSchedule,val_every_five_before,1685,3.3899,104912
2025-11-29_BatchSizeSchedule,val_every_five_before,1690,3.3883,105224
2025-11-29_BatchSizeSchedule,val_every_five_before,1695,3.3871,105540
2025-11-29_BatchSizeSchedule,val_every_five_before,1700,3.3859,105856
2025-11-29_BatchSizeSchedule,val_every_five_before,1705,3.3846,106172
2025-11-29_BatchSizeSchedule,val_every_five_before,1710,3.3836,106488
2025-11-29_BatchSizeSchedule,val_every_five_before,1715,3.3824,106802
2025-11-29_BatchSizeSchedule,val_every_five_before,1720,3.382,107117
2025-11-29_BatchSizeSchedule,val_every_five_before,1725,3.3797,107427
2025-11-29_BatchSizeSchedule,val_every_five_before,1730,3.3786,107745
2025-11-29_BatchSizeSchedule,val_every_five_before,1735,3.3778,108058
2025-11-29_BatchSizeSchedule,val_every_five_before,1740,3.3761,108375
2025-11-29_BatchSizeSchedule,val_every_five_before,1745,3.3751,108687
2025-11-29_BatchSizeSchedule,val_every_five_before,1750,3.3733,109003
2025-11-29_BatchSizeSchedule,val_every_five_before,1755,3.3729,109317
2025-11-29_BatchSizeSchedule,val_every_five_before,1760,3.3711,109633
2025-11-29_BatchSizeSchedule,val_every_five_before,1765,3.37,109948
2025-11-29_BatchSizeSchedule,val_every_five_before,1770,3.3687,110262
2025-11-29_BatchSizeSchedule,val_every_five_before,1775,3.3677,110574
2025-11-29_BatchSizeSchedule,val_every_five_before,1780,3.3668,110887
2025-11-29_BatchSizeSchedule,val_every_five_before,1785,3.3652,111200
2025-11-29_BatchSizeSchedule,val_every_five_before,1790,3.3644,111515
2025-11-29_BatchSizeSchedule,val_every_five_before,1795,3.3631,111828
2025-11-29_BatchSizeSchedule,val_every_five_before,1800,3.3623,112143
2025-11-29_BatchSizeSchedule,val_every_five_before,1805,3.361,112457
2025-11-29_BatchSizeSchedule,val_every_five_before,1810,3.3604,112772
2025-11-29_BatchSizeSchedule,val_every_five_before,1815,3.3593,113083
2025-11-29_BatchSizeSchedule,val_every_five_before,1820,3.3581,113399
2025-11-29_BatchSizeSchedule,val_every_five_before,1825,3.3562,113712
2025-11-29_BatchSizeSchedule,val_every_five_before,1830,3.3549,114026
2025-11-29_BatchSizeSchedule,val_every_five_before,1835,3.3537,114338
2025-11-29_BatchSizeSchedule,val_every_five_before,1840,3.3542,114652
2025-11-29_BatchSizeSchedule,val_every_five_before,1845,3.352,114965
2025-11-29_BatchSizeSchedule,val_every_five_before,1850,3.3507,115278
2025-11-29_BatchSizeSchedule,val_every_five_before,1855,3.3495,115591
2025-11-29_BatchSizeSchedule,val_every_five_before,1860,3.349,115905
2025-11-29_BatchSizeSchedule,val_every_five_before,1865,3.3474,116218
2025-11-29_BatchSizeSchedule,val_every_five_before,1870,3.3463,116533
2025-11-29_BatchSizeSchedule,val_every_five_before,1875,3.3455,116843
2025-11-29_BatchSizeSchedule,val_every_five_before,1880,3.3443,117156
2025-11-29_BatchSizeSchedule,val_every_five_before,1885,3.3433,117469
2025-11-29_BatchSizeSchedule,val_every_five_before,1890,3.3423,117783
2025-11-29_BatchSizeSchedule,val_every_five_before,1895,3.3413,118099
2025-11-29_BatchSizeSchedule,val_every_five_before,1900,3.3395,118416
2025-11-29_BatchSizeSchedule,val_every_five_before,1905,3.3384,118727
2025-11-29_BatchSizeSchedule,val_every_five_before,1910,3.3376,119041
2025-11-29_BatchSizeSchedule,val_every_five_before,1915,3.3363,119356
2025-11-29_BatchSizeSchedule,val_every_five_before,1920,3.3353,119668
2025-11-29_BatchSizeSchedule,val_every_five_before,1925,3.3342,119981
2025-11-29_BatchSizeSchedule,val_every_five_before,1930,3.3334,120300
2025-11-29_BatchSizeSchedule,val_every_five_before,1935,3.332,120615
2025-11-29_BatchSizeSchedule,val_every_five_before,1940,3.3305,120929
2025-11-29_BatchSizeSchedule,val_every_five_before,1945,3.3299,121242
2025-11-29_BatchSizeSchedule,val_every_five_before,1950,3.3289,121559
2025-11-29_BatchSizeSchedule,val_every_five_before,1955,3.3278,121872
2025-11-29_BatchSizeSchedule,val_every_five_before,1960,3.3268,122188
2025-11-29_BatchSizeSchedule,val_every_five_before,1965,3.326,122499
2025-11-29_BatchSizeSchedule,val_every_five_before,1970,3.3248,122815
2025-11-29_BatchSizeSchedule,val_every_five_before,1975,3.3238,123128
2025-11-29_BatchSizeSchedule,val_every_five_before,1980,3.3226,123446
2025-11-29_BatchSizeSchedule,val_every_five_before,1985,3.322,123759
2025-11-29_BatchSizeSchedule,val_every_five_before,1990,3.3213,124076
2025-11-29_BatchSizeSchedule,val_every_five_before,1995,3.3199,124392
2025-11-29_BatchSizeSchedule,val_every_five_before,2000,3.319,124706
2025-11-29_BatchSizeSchedule,val_every_five_before,2005,3.3178,125020
2025-11-29_BatchSizeSchedule,val_every_five_before,2010,3.3164,125335
2025-11-29_BatchSizeSchedule,val_every_five_before,2015,3.3157,125650
2025-11-29_BatchSizeSchedule,val_every_five_before,2020,3.3148,125962
2025-11-29_BatchSizeSchedule,val_every_five_before,2025,3.3139,126273
2025-11-29_BatchSizeSchedule,val_every_five_before,2030,3.3127,126585
2025-11-29_BatchSizeSchedule,val_every_five_before,2035,3.312,126894
2025-11-29_BatchSizeSchedule,val_every_five_before,2040,3.3108,127211
2025-11-29_BatchSizeSchedule,val_every_five_before,2045,3.3103,127523
2025-11-29_BatchSizeSchedule,val_every_five_before,2050,3.309,127840
2025-11-29_BatchSizeSchedule,val_every_five_before,2055,3.3082,128153
2025-11-29_BatchSizeSchedule,val_every_five_before,2060,3.3074,128471
2025-11-29_BatchSizeSchedule,val_every_five_before,2065,3.3061,128788
2025-11-29_BatchSizeSchedule,val_every_five_before,2070,3.3052,129104
2025-11-29_BatchSizeSchedule,val_every_five_before,2075,3.3043,129417
2025-11-29_BatchSizeSchedule,val_every_five_before,2080,3.3034,129730
2025-11-29_BatchSizeSchedule,val_every_five_before,2085,3.3025,130048
2025-11-29_BatchSizeSchedule,val_every_five_before,2090,3.3019,130366
2025-11-29_BatchSizeSchedule,val_every_five_before,2095,3.301,130679
2025-11-29_BatchSizeSchedule,val_every_five_before,2100,3.3001,130995
2025-11-29_BatchSizeSchedule,val_every_five_before,2105,3.2992,131309
2025-11-29_BatchSizeSchedule,val_every_five_before,2110,3.2984,131627
2025-11-29_BatchSizeSchedule,val_every_five_before,2115,3.2976,131938
2025-11-29_BatchSizeSchedule,val_every_five_before,2120,3.2968,132253
2025-11-29_BatchSizeSchedule,val_every_five_before,2125,3.296,132567
2025-11-29_BatchSizeSchedule,val_every_five_before,2130,3.2951,132884
2025-11-29_BatchSizeSchedule,val_every_five_before,2135,3.2944,133200
2025-11-29_BatchSizeSchedule,val_every_five_before,2140,3.2937,133512
2025-11-29_BatchSizeSchedule,val_every_five_before,2145,3.2929,133826
2025-11-29_BatchSizeSchedule,val_every_five_before,2150,3.292,134142
2025-11-29_BatchSizeSchedule,val_every_five_before,2155,3.2914,134456
2025-11-29_BatchSizeSchedule,val_every_five_before,2160,3.2905,134772
2025-11-29_BatchSizeSchedule,val_every_five_before,2165,3.2898,135086
2025-11-29_BatchSizeSchedule,val_every_five_before,2170,3.289,135399
2025-11-29_BatchSizeSchedule,val_every_five_before,2175,3.2885,135713
2025-11-29_BatchSizeSchedule,val_every_five_before,2180,3.2877,136029
2025-11-29_BatchSizeSchedule,val_every_five_before,2185,3.2852,136342
2025-11-29_BatchSizeSchedule,val_every_five_before,2190,3.2839,136662
2025-11-29_BatchSizeSchedule,val_every_five_before,2195,3.2831,136977
2025-11-29_BatchSizeSchedule,val_every_five_before,2200,3.2822,137292
2025-11-29_BatchSizeSchedule,val_every_five_before,2205,3.2818,137605
2025-11-29_BatchSizeSchedule,val_every_five_before,2210,3.281,137926
2025-11-29_BatchSizeSchedule,val_every_five_before,2215,3.2805,138239
2025-11-29_BatchSizeSchedule,val_every_five_before,2220,3.28,138551
2025-11-29_BatchSizeSchedule,val_every_five_before,2225,3.2765,138871
2025-11-29_BatchSizeSchedule,10e8f7c6-7175-4467-bdb0-a5de25d771a6,0,10.8258,0
2025-11-29_BatchSizeSchedule,10e8f7c6-7175-4467-bdb0-a5de25d771a6,250,4.306,8621
2025-11-29_BatchSizeSchedule,10e8f7c6-7175-4467-bdb0-a5de25d771a6,500,4.0117,17014
2025-11-29_BatchSizeSchedule,10e8f7c6-7175-4467-bdb0-a5de25d771a6,750,3.8504,26554
2025-11-29_BatchSizeSchedule,10e8f7c6-7175-4467-bdb0-a5de25d771a6,1000,3.6878,41583
2025-11-29_BatchSizeSchedule,10e8f7c6-7175-4467-bdb0-a5de25d771a6,1250,3.5696,56601
2025-11-29_BatchSizeSchedule,10e8f7c6-7175-4467-bdb0-a5de25d771a6,1500,3.4683,74035
2025-11-29_BatchSizeSchedule,10e8f7c6-7175-4467-bdb0-a5de25d771a6,1750,3.3789,96049
2025-11-29_BatchSizeSchedule,10e8f7c6-7175-4467-bdb0-a5de25d771a6,2000,3.3103,118067
2025-11-29_BatchSizeSchedule,10e8f7c6-7175-4467-bdb0-a5de25d771a6,2160,3.278,132194
2025-11-29_BatchSizeSchedule,3e3c0f33-dc80-4efb-bb21-07af9b5161c9,0,10.8258,0
2025-11-29_BatchSizeSchedule,3e3c0f33-dc80-4efb-bb21-07af9b5161c9,250,4.3118,8631
2025-11-29_BatchSizeSchedule,3e3c0f33-dc80-4efb-bb21-07af9b5161c9,500,4.0089,17029
2025-11-29_BatchSizeSchedule,3e3c0f33-dc80-4efb-bb21-07af9b5161c9,750,3.846,26581
2025-11-29_BatchSizeSchedule,3e3c0f33-dc80-4efb-bb21-07af9b5161c9,1000,3.6862,41637
2025-11-29_BatchSizeSchedule,3e3c0f33-dc80-4efb-bb21-07af9b5161c9,1250,3.5705,56658
2025-11-29_BatchSizeSchedule,3e3c0f33-dc80-4efb-bb21-07af9b5161c9,1500,3.4672,74107
2025-11-29_BatchSizeSchedule,3e3c0f33-dc80-4efb-bb21-07af9b5161c9,1750,3.3782,96131
2025-11-29_BatchSizeSchedule,3e3c0f33-dc80-4efb-bb21-07af9b5161c9,2000,3.3091,118153
2025-11-29_BatchSizeSchedule,3e3c0f33-dc80-4efb-bb21-07af9b5161c9,2160,3.2768,132286
2025-11-29_BatchSizeSchedule,1a2055d8-27d7-43ba-8e8a-273e855824e0,0,10.8258,0
2025-11-29_BatchSizeSchedule,1a2055d8-27d7-43ba-8e8a-273e855824e0,250,4.3019,8631
2025-11-29_BatchSizeSchedule,1a2055d8-27d7-43ba-8e8a-273e855824e0,500,4.0087,17030
2025-11-29_BatchSizeSchedule,1a2055d8-27d7-43ba-8e8a-273e855824e0,750,3.8475,26581
2025-11-29_BatchSizeSchedule,1a2055d8-27d7-43ba-8e8a-273e855824e0,1000,3.6941,41622
2025-11-29_BatchSizeSchedule,1a2055d8-27d7-43ba-8e8a-273e855824e0,1250,3.5691,56666
2025-11-29_BatchSizeSchedule,1a2055d8-27d7-43ba-8e8a-273e855824e0,1500,3.4675,74106
2025-11-29_BatchSizeSchedule,1a2055d8-27d7-43ba-8e8a-273e855824e0,1750,3.3779,96110
2025-11-29_BatchSizeSchedule,1a2055d8-27d7-43ba-8e8a-273e855824e0,2000,3.31,118135
2025-11-29_BatchSizeSchedule,1a2055d8-27d7-43ba-8e8a-273e855824e0,2160,3.2777,132259
2025-11-29_BatchSizeSchedule,3c5b339a-ba7f-48e3-82c3-5dfa2848fb18,0,10.8258,0
2025-11-29_BatchSizeSchedule,3c5b339a-ba7f-48e3-82c3-5dfa2848fb18,250,4.3306,8614
2025-11-29_BatchSizeSchedule,3c5b339a-ba7f-48e3-82c3-5dfa2848fb18,500,4.012,17011
2025-11-29_BatchSizeSchedule,3c5b339a-ba7f-48e3-82c3-5dfa2848fb18,750,3.8495,26554
2025-11-29_BatchSizeSchedule,3c5b339a-ba7f-48e3-82c3-5dfa2848fb18,1000,3.6852,41581
2025-11-29_BatchSizeSchedule,3c5b339a-ba7f-48e3-82c3-5dfa2848fb18,1250,3.5712,56604
2025-11-29_BatchSizeSchedule,3c5b339a-ba7f-48e3-82c3-5dfa2848fb18,1500,3.4711,74035
2025-11-29_BatchSizeSchedule,3c5b339a-ba7f-48e3-82c3-5dfa2848fb18,1750,3.3795,96032
2025-11-29_BatchSizeSchedule,3c5b339a-ba7f-48e3-82c3-5dfa2848fb18,2000,3.3101,118035
2025-11-29_BatchSizeSchedule,3c5b339a-ba7f-48e3-82c3-5dfa2848fb18,2160,3.2781,132152
2025-11-29_BatchSizeSchedule,d25a1155-16a5-4e9b-b4cf-d1115f55eed0,0,10.8258,0
2025-11-29_BatchSizeSchedule,d25a1155-16a5-4e9b-b4cf-d1115f55eed0,250,4.3028,8611
2025-11-29_BatchSizeSchedule,d25a1155-16a5-4e9b-b4cf-d1115f55eed0,500,4.0091,16995
2025-11-29_BatchSizeSchedule,d25a1155-16a5-4e9b-b4cf-d1115f55eed0,750,3.8534,26537
2025-11-29_BatchSizeSchedule,d25a1155-16a5-4e9b-b4cf-d1115f55eed0,1000,3.6897,41550
2025-11-29_BatchSizeSchedule,d25a1155-16a5-4e9b-b4cf-d1115f55eed0,1250,3.5742,56641
2025-11-29_BatchSizeSchedule,d25a1155-16a5-4e9b-b4cf-d1115f55eed0,1500,3.4727,74088
2025-11-29_BatchSizeSchedule,d25a1155-16a5-4e9b-b4cf-d1115f55eed0,1750,3.3814,96094
2025-11-29_BatchSizeSchedule,d25a1155-16a5-4e9b-b4cf-d1115f55eed0,2000,3.3123,118098
2025-11-29_BatchSizeSchedule,d25a1155-16a5-4e9b-b4cf-d1115f55eed0,2160,3.2799,132217
2025-11-29_BatchSizeSchedule,val_every_five_after,0,10.8258,0
2025-11-29_BatchSizeSchedule,val_every_five_after,5,7.962,252
2025-11-29_BatchSizeSchedule,val_every_five_after,10,7.0051,431
2025-11-29_BatchSizeSchedule,val_every_five_after,15,6.5731,608
2025-11-29_BatchSizeSchedule,val_every_five_after,20,6.3531,789
2025-11-29_BatchSizeSchedule,val_every_five_after,25,6.1936,966
2025-11-29_BatchSizeSchedule,val_every_five_after,30,6.0405,1146
2025-11-29_BatchSizeSchedule,val_every_five_after,35,5.9063,1322
2025-11-29_BatchSizeSchedule,val_every_five_after,40,5.7921,1501
2025-11-29_BatchSizeSchedule,val_every_five_after,45,5.6811,1679
2025-11-29_BatchSizeSchedule,val_every_five_after,50,5.6041,1857
2025-11-29_BatchSizeSchedule,val_every_five_after,55,5.5145,2033
2025-11-29_BatchSizeSchedule,val_every_five_after,60,5.4729,2211
2025-11-29_BatchSizeSchedule,val_every_five_after,65,5.3883,2388
2025-11-29_BatchSizeSchedule,val_every_five_after,70,5.3414,2566
2025-11-29_BatchSizeSchedule,val_every_five_after,75,5.278,2742
2025-11-29_BatchSizeSchedule,val_every_five_after,80,5.2317,2920
2025-11-29_BatchSizeSchedule,val_every_five_after,85,5.1782,3098
2025-11-29_BatchSizeSchedule,val_every_five_after,90,5.1462,3278
2025-11-29_BatchSizeSchedule,val_every_five_after,95,5.0848,3455
2025-11-29_BatchSizeSchedule,val_every_five_after,100,5.0495,3634
2025-11-29_BatchSizeSchedule,val_every_five_after,105,5.0013,3810
2025-11-29_BatchSizeSchedule,val_every_five_after,110,4.9678,3987
2025-11-29_BatchSizeSchedule,val_every_five_after,115,4.9142,4166
2025-11-29_BatchSizeSchedule,val_every_five_after,120,4.8811,4344
2025-11-29_BatchSizeSchedule,val_every_five_after,125,4.8281,4521
2025-11-29_BatchSizeSchedule,val_every_five_after,130,4.8005,4700
2025-11-29_BatchSizeSchedule,val_every_five_after,135,4.7626,4874
2025-11-29_BatchSizeSchedule,val_every_five_after,140,4.7426,5052
2025-11-29_BatchSizeSchedule,val_every_five_after,145,4.6888,5229
2025-11-29_BatchSizeSchedule,val_every_five_after,150,4.6553,5406
2025-11-29_BatchSizeSchedule,val_every_five_after,155,4.622,5584
2025-11-29_BatchSizeSchedule,val_every_five_after,160,4.5945,5761
2025-11-29_BatchSizeSchedule,val_every_five_after,165,4.5654,5940
2025-11-29_BatchSizeSchedule,val_every_five_after,170,4.5508,6119
2025-11-29_BatchSizeSchedule,val_every_five_after,175,4.5189,6295
2025-11-29_BatchSizeSchedule,val_every_five_after,180,4.5011,6473
2025-11-29_BatchSizeSchedule,val_every_five_after,185,4.4753,6649
2025-11-29_BatchSizeSchedule,val_every_five_after,190,4.4705,6828
2025-11-29_BatchSizeSchedule,val_every_five_after,195,4.4664,7002
2025-11-29_BatchSizeSchedule,val_every_five_after,200,4.4572,7179
2025-11-29_BatchSizeSchedule,val_every_five_after,205,4.426,7354
2025-11-29_BatchSizeSchedule,val_every_five_after,210,4.4096,7534
2025-11-29_BatchSizeSchedule,val_every_five_after,215,4.3879,7709
2025-11-29_BatchSizeSchedule,val_every_five_after,220,4.3781,7889
2025-11-29_BatchSizeSchedule,val_every_five_after,225,4.3634,8063
2025-11-29_BatchSizeSchedule,val_every_five_after,230,4.3568,8242
2025-11-29_BatchSizeSchedule,val_every_five_after,235,4.3367,8419
2025-11-29_BatchSizeSchedule,val_every_five_after,240,4.3297,8598
2025-11-29_BatchSizeSchedule,val_every_five_after,245,4.318,8778
2025-11-29_BatchSizeSchedule,val_every_five_after,250,4.3139,8955
2025-11-29_BatchSizeSchedule,val_every_five_after,255,4.2991,9129
2025-11-29_BatchSizeSchedule,val_every_five_after,260,4.2918,9308
2025-11-29_BatchSizeSchedule,val_every_five_after,265,4.2796,9485
2025-11-29_BatchSizeSchedule,val_every_five_after,270,4.279,9662
2025-11-29_BatchSizeSchedule,val_every_five_after,275,4.2663,9841
2025-11-29_BatchSizeSchedule,val_every_five_after,280,4.2604,10019
2025-11-29_BatchSizeSchedule,val_every_five_after,285,4.2481,10193
2025-11-29_BatchSizeSchedule,val_every_five_after,290,4.2452,10372
2025-11-29_BatchSizeSchedule,val_every_five_after,295,4.235,10548
2025-11-29_BatchSizeSchedule,val_every_five_after,300,4.2338,10724
2025-11-29_BatchSizeSchedule,val_every_five_after,305,4.221,10898
2025-11-29_BatchSizeSchedule,val_every_five_after,310,4.222,11075
2025-11-29_BatchSizeSchedule,val_every_five_after,315,4.2209,11251
2025-11-29_BatchSizeSchedule,val_every_five_after,320,4.2126,11426
2025-11-29_BatchSizeSchedule,val_every_five_after,325,4.1965,11602
2025-11-29_BatchSizeSchedule,val_every_five_after,330,4.1922,11779
2025-11-29_BatchSizeSchedule,val_every_five_after,335,4.1805,11955
2025-11-29_BatchSizeSchedule,val_every_five_after,340,4.1772,12131
2025-11-29_BatchSizeSchedule,val_every_five_after,345,4.1655,12308
2025-11-29_BatchSizeSchedule,val_every_five_after,350,4.1604,12486
2025-11-29_BatchSizeSchedule,val_every_five_after,355,4.1537,12661
2025-11-29_BatchSizeSchedule,val_every_five_after,360,4.1496,12836
2025-11-29_BatchSizeSchedule,val_every_five_after,365,4.1378,13013
2025-11-29_BatchSizeSchedule,val_every_five_after,370,4.1332,13190
2025-11-29_BatchSizeSchedule,val_every_five_after,375,4.1268,13365
2025-11-29_BatchSizeSchedule,val_every_five_after,380,4.1209,13545
2025-11-29_BatchSizeSchedule,val_every_five_after,385,4.1161,13720
2025-11-29_BatchSizeSchedule,val_every_five_after,390,4.1141,13898
2025-11-29_BatchSizeSchedule,val_every_five_after,395,4.1039,14074
2025-11-29_BatchSizeSchedule,val_every_five_after,400,4.1031,14255
2025-11-29_BatchSizeSchedule,val_every_five_after,405,4.0963,14431
2025-11-29_BatchSizeSchedule,val_every_five_after,410,4.0926,14607
2025-11-29_BatchSizeSchedule,val_every_five_after,415,4.085,14783
2025-11-29_BatchSizeSchedule,val_every_five_after,420,4.0849,14960
2025-11-29_BatchSizeSchedule,val_every_five_after,425,4.0752,15135
2025-11-29_BatchSizeSchedule,val_every_five_after,430,4.0748,15311
2025-11-29_BatchSizeSchedule,val_every_five_after,435,4.0673,15489
2025-11-29_BatchSizeSchedule,val_every_five_after,440,4.0851,15666
2025-11-29_BatchSizeSchedule,val_every_five_after,445,4.0581,15842
2025-11-29_BatchSizeSchedule,val_every_five_after,450,4.0539,16022
2025-11-29_BatchSizeSchedule,val_every_five_after,455,4.0474,16197
2025-11-29_BatchSizeSchedule,val_every_five_after,460,4.0446,16374
2025-11-29_BatchSizeSchedule,val_every_five_after,465,4.0378,16549
2025-11-29_BatchSizeSchedule,val_every_five_after,470,4.037,16728
2025-11-29_BatchSizeSchedule,val_every_five_after,475,4.0308,16903
2025-11-29_BatchSizeSchedule,val_every_five_after,480,4.0249,17080
2025-11-29_BatchSizeSchedule,val_every_five_after,485,4.0226,17255
2025-11-29_BatchSizeSchedule,val_every_five_after,490,4.0186,17434
2025-11-29_BatchSizeSchedule,val_every_five_after,495,4.0157,17609
2025-11-29_BatchSizeSchedule,val_every_five_after,500,4.012,17785
2025-11-29_BatchSizeSchedule,val_every_five_after,505,4.0057,17961
2025-11-29_BatchSizeSchedule,val_every_five_after,510,4.0054,18139
2025-11-29_BatchSizeSchedule,val_every_five_after,515,4.0017,18316
2025-11-29_BatchSizeSchedule,val_every_five_after,520,4.0108,18495
2025-11-29_BatchSizeSchedule,val_every_five_after,525,3.9921,18673
2025-11-29_BatchSizeSchedule,val_every_five_after,530,3.991,18853
2025-11-29_BatchSizeSchedule,val_every_five_after,535,3.985,19030
2025-11-29_BatchSizeSchedule,val_every_five_after,540,3.9844,19208
2025-11-29_BatchSizeSchedule,val_every_five_after,545,3.9787,19384
2025-11-29_BatchSizeSchedule,val_every_five_after,550,3.9749,19560
2025-11-29_BatchSizeSchedule,val_every_five_after,555,3.9741,19736
2025-11-29_BatchSizeSchedule,val_every_five_after,560,3.9715,19916
2025-11-29_BatchSizeSchedule,val_every_five_after,565,3.9669,20091
2025-11-29_BatchSizeSchedule,val_every_five_after,570,3.9651,20270
2025-11-29_BatchSizeSchedule,val_every_five_after,575,3.9588,20448
2025-11-29_BatchSizeSchedule,val_every_five_after,580,3.9561,20626
2025-11-29_BatchSizeSchedule,val_every_five_after,585,3.9531,20802
2025-11-29_BatchSizeSchedule,val_every_five_after,590,3.9727,20982
2025-11-29_BatchSizeSchedule,val_every_five_after,595,3.9483,21158
2025-11-29_BatchSizeSchedule,val_every_five_after,600,3.9468,21333
2025-11-29_BatchSizeSchedule,val_every_five_after,605,3.942,21509
2025-11-29_BatchSizeSchedule,val_every_five_after,610,3.9413,21687
2025-11-29_BatchSizeSchedule,val_every_five_after,615,3.9375,21861
2025-11-29_BatchSizeSchedule,val_every_five_after,620,3.9335,22037
2025-11-29_BatchSizeSchedule,val_every_five_after,625,3.929,22213
2025-11-29_BatchSizeSchedule,val_every_five_after,630,3.9308,22392
2025-11-29_BatchSizeSchedule,val_every_five_after,635,3.9238,22569
2025-11-29_BatchSizeSchedule,val_every_five_after,640,3.9218,22749
2025-11-29_BatchSizeSchedule,val_every_five_after,645,3.918,22924
2025-11-29_BatchSizeSchedule,val_every_five_after,650,3.9164,23101
2025-11-29_BatchSizeSchedule,val_every_five_after,655,3.9141,23279
2025-11-29_BatchSizeSchedule,val_every_five_after,660,3.9132,23457
2025-11-29_BatchSizeSchedule,val_every_five_after,665,3.9094,23632
2025-11-29_BatchSizeSchedule,val_every_five_after,670,3.9186,23812
2025-11-29_BatchSizeSchedule,val_every_five_after,675,3.9024,23988
2025-11-29_BatchSizeSchedule,val_every_five_after,680,3.9022,24166
2025-11-29_BatchSizeSchedule,val_every_five_after,685,3.8978,24344
2025-11-29_BatchSizeSchedule,val_every_five_after,690,3.8973,24520
2025-11-29_BatchSizeSchedule,val_every_five_after,695,3.8939,24696
2025-11-29_BatchSizeSchedule,val_every_five_after,700,3.8953,24877
2025-11-29_BatchSizeSchedule,val_every_five_after,705,3.921,25052
2025-11-29_BatchSizeSchedule,val_every_five_after,710,3.9774,25311
2025-11-29_BatchSizeSchedule,val_every_five_after,715,3.9014,25621
2025-11-29_BatchSizeSchedule,val_every_five_after,720,3.8899,25930
2025-11-29_BatchSizeSchedule,val_every_five_after,725,3.879,26244
2025-11-29_BatchSizeSchedule,val_every_five_after,730,3.8709,26557
2025-11-29_BatchSizeSchedule,val_every_five_after,735,3.868,26871
2025-11-29_BatchSizeSchedule,val_every_five_after,740,3.8674,27187
2025-11-29_BatchSizeSchedule,val_every_five_after,745,3.8562,27496
2025-11-29_BatchSizeSchedule,val_every_five_after,750,3.8463,27809
2025-11-29_BatchSizeSchedule,val_every_five_after,755,3.8403,28119
2025-11-29_BatchSizeSchedule,val_every_five_after,760,3.8368,28433
2025-11-29_BatchSizeSchedule,val_every_five_after,765,3.8292,28744
2025-11-29_BatchSizeSchedule,val_every_five_after,770,3.8321,29058
2025-11-29_BatchSizeSchedule,val_every_five_after,775,3.8211,29373
2025-11-29_BatchSizeSchedule,val_every_five_after,780,3.8225,29682
2025-11-29_BatchSizeSchedule,val_every_five_after,785,3.8108,29996
2025-11-29_BatchSizeSchedule,val_every_five_after,790,3.8095,30309
2025-11-29_BatchSizeSchedule,val_every_five_after,795,3.8023,30618
2025-11-29_BatchSizeSchedule,val_every_five_after,800,3.8062,30932
2025-11-29_BatchSizeSchedule,val_every_five_after,805,3.796,31240
2025-11-29_BatchSizeSchedule,val_every_five_after,810,3.7938,31551
2025-11-29_BatchSizeSchedule,val_every_five_after,815,3.7878,31865
2025-11-29_BatchSizeSchedule,val_every_five_after,820,3.7839,32180
2025-11-29_BatchSizeSchedule,val_every_five_after,825,3.779,32494
2025-11-29_BatchSizeSchedule,val_every_five_after,830,3.8042,32808
2025-11-29_BatchSizeSchedule,val_every_five_after,835,3.7766,33117
2025-11-29_BatchSizeSchedule,val_every_five_after,840,3.7731,33434
2025-11-29_BatchSizeSchedule,val_every_five_after,845,3.769,33744
2025-11-29_BatchSizeSchedule,val_every_five_after,850,3.7692,34061
2025-11-29_BatchSizeSchedule,val_every_five_after,855,3.7608,34372
2025-11-29_BatchSizeSchedule,val_every_five_after,860,3.7603,34684
2025-11-29_BatchSizeSchedule,val_every_five_after,865,3.7521,34994
2025-11-29_BatchSizeSchedule,val_every_five_after,870,3.7563,35308
2025-11-29_BatchSizeSchedule,val_every_five_after,875,3.7465,35615
2025-11-29_BatchSizeSchedule,val_every_five_after,880,3.749,35929
2025-11-29_BatchSizeSchedule,val_every_five_after,885,3.743,36242
2025-11-29_BatchSizeSchedule,val_every_five_after,890,3.7442,36557
2025-11-29_BatchSizeSchedule,val_every_five_after,895,3.7359,36869
2025-11-29_BatchSizeSchedule,val_every_five_after,900,3.7499,37180
2025-11-29_BatchSizeSchedule,val_every_five_after,905,3.7326,37489
2025-11-29_BatchSizeSchedule,val_every_five_after,910,3.7313,37806
2025-11-29_BatchSizeSchedule,val_every_five_after,915,3.7256,38121
2025-11-29_BatchSizeSchedule,val_every_five_after,920,3.7291,38433
2025-11-29_BatchSizeSchedule,val_every_five_after,925,3.7223,38740
2025-11-29_BatchSizeSchedule,val_every_five_after,930,3.7222,39052
2025-11-29_BatchSizeSchedule,val_every_five_after,935,3.7137,39362
2025-11-29_BatchSizeSchedule,val_every_five_after,940,3.7162,39674
2025-11-29_BatchSizeSchedule,val_every_five_after,945,3.7128,39988
2025-11-29_BatchSizeSchedule,val_every_five_after,950,3.7133,40300
2025-11-29_BatchSizeSchedule,val_every_five_after,955,3.7076,40613
2025-11-29_BatchSizeSchedule,val_every_five_after,960,3.7061,40924
2025-11-29_BatchSizeSchedule,val_every_five_after,965,3.7019,41238
2025-11-29_BatchSizeSchedule,val_every_five_after,970,3.704,41553
2025-11-29_BatchSizeSchedule,val_every_five_after,975,3.698,41868
2025-11-29_BatchSizeSchedule,val_every_five_after,980,3.7021,42182
2025-11-29_BatchSizeSchedule,val_every_five_after,985,3.6896,42497
2025-11-29_BatchSizeSchedule,val_every_five_after,990,3.6911,42816
2025-11-29_BatchSizeSchedule,val_every_five_after,995,3.686,43128
2025-11-29_BatchSizeSchedule,val_every_five_after,1000,3.6838,43438
2025-11-29_BatchSizeSchedule,val_every_five_after,1005,3.6828,43753
2025-11-29_BatchSizeSchedule,val_every_five_after,1010,3.6793,44068
2025-11-29_BatchSizeSchedule,val_every_five_after,1015,3.6751,44382
2025-11-29_BatchSizeSchedule,val_every_five_after,1020,3.6762,44695
2025-11-29_BatchSizeSchedule,val_every_five_after,1025,3.6699,45007
2025-11-29_BatchSizeSchedule,val_every_five_after,1030,3.6677,45322
2025-11-29_BatchSizeSchedule,val_every_five_after,1035,3.6658,45634
2025-11-29_BatchSizeSchedule,val_every_five_after,1040,3.6664,45946
2025-11-29_BatchSizeSchedule,val_every_five_after,1045,3.6588,46257
2025-11-29_BatchSizeSchedule,val_every_five_after,1050,3.6585,46577
2025-11-29_BatchSizeSchedule,val_every_five_after,1055,3.6551,46887
2025-11-29_BatchSizeSchedule,val_every_five_after,1060,3.6672,47199
2025-11-29_BatchSizeSchedule,val_every_five_after,1065,3.6517,47507
2025-11-29_BatchSizeSchedule,val_every_five_after,1070,3.6491,47821
2025-11-29_BatchSizeSchedule,val_every_five_after,1075,3.6449,48132
2025-11-29_BatchSizeSchedule,val_every_five_after,1080,3.6444,48446
2025-11-29_BatchSizeSchedule,val_every_five_after,1085,3.6399,48755
2025-11-29_BatchSizeSchedule,val_every_five_after,1090,3.6395,49067
2025-11-29_BatchSizeSchedule,val_every_five_after,1095,3.6357,49377
2025-11-29_BatchSizeSchedule,val_every_five_after,1100,3.6327,49689
2025-11-29_BatchSizeSchedule,val_every_five_after,1105,3.6298,50003
2025-11-29_BatchSizeSchedule,val_every_five_after,1110,3.6348,50317
2025-11-29_BatchSizeSchedule,val_every_five_after,1115,3.625,50631
2025-11-29_BatchSizeSchedule,val_every_five_after,1120,3.6249,50945
2025-11-29_BatchSizeSchedule,val_every_five_after,1125,3.6202,51257
2025-11-29_BatchSizeSchedule,val_every_five_after,1130,3.6204,51570
2025-11-29_BatchSizeSchedule,val_every_five_after,1135,3.6169,51882
2025-11-29_BatchSizeSchedule,val_every_five_after,1140,3.6172,52196
2025-11-29_BatchSizeSchedule,val_every_five_after,1145,3.6115,52510
2025-11-29_BatchSizeSchedule,val_every_five_after,1150,3.6144,52825
2025-11-29_BatchSizeSchedule,val_every_five_after,1155,3.6095,53135
2025-11-29_BatchSizeSchedule,val_every_five_after,1160,3.6063,53449
2025-11-29_BatchSizeSchedule,val_every_five_after,1165,3.6032,53757
2025-11-29_BatchSizeSchedule,val_every_five_after,1170,3.602,54071
2025-11-29_BatchSizeSchedule,val_every_five_after,1175,3.5992,54382
2025-11-29_BatchSizeSchedule,val_every_five_after,1180,3.5989,54698
2025-11-29_BatchSizeSchedule,val_every_five_after,1185,3.5946,55012
2025-11-29_BatchSizeSchedule,val_every_five_after,1190,3.5957,55325
2025-11-29_BatchSizeSchedule,val_every_five_after,1195,3.5925,55634
2025-11-29_BatchSizeSchedule,val_every_five_after,1200,3.5903,55952
2025-11-29_BatchSizeSchedule,val_every_five_after,1205,3.5858,56266
2025-11-29_BatchSizeSchedule,val_every_five_after,1210,3.5867,56576
2025-11-29_BatchSizeSchedule,val_every_five_after,1215,3.5841,56884
2025-11-29_BatchSizeSchedule,val_every_five_after,1220,3.5845,57196
2025-11-29_BatchSizeSchedule,val_every_five_after,1225,3.5792,57508
2025-11-29_BatchSizeSchedule,val_every_five_after,1230,3.577,57822
2025-11-29_BatchSizeSchedule,val_every_five_after,1235,3.5742,58133
2025-11-29_BatchSizeSchedule,val_every_five_after,1240,3.5727,58447
2025-11-29_BatchSizeSchedule,val_every_five_after,1245,3.5693,58759
2025-11-29_BatchSizeSchedule,val_every_five_after,1250,3.5687,59074
2025-11-29_BatchSizeSchedule,val_every_five_after,1255,3.5672,59382
2025-11-29_BatchSizeSchedule,val_every_five_after,1260,3.5654,59695
2025-11-29_BatchSizeSchedule,val_every_five_after,1265,3.5622,60006
2025-11-29_BatchSizeSchedule,val_every_five_after,1270,3.5596,60320
2025-11-29_BatchSizeSchedule,val_every_five_after,1275,3.5583,60632
2025-11-29_BatchSizeSchedule,val_every_five_after,1280,3.5582,60943
2025-11-29_BatchSizeSchedule,val_every_five_after,1285,3.5554,61254
2025-11-29_BatchSizeSchedule,val_every_five_after,1290,3.5533,61567
2025-11-29_BatchSizeSchedule,val_every_five_after,1295,3.551,61879
2025-11-29_BatchSizeSchedule,val_every_five_after,1300,3.5487,62192
2025-11-29_BatchSizeSchedule,val_every_five_after,1305,3.547,62503
2025-11-29_BatchSizeSchedule,val_every_five_after,1310,3.5458,62817
2025-11-29_BatchSizeSchedule,val_every_five_after,1315,3.5435,63129
2025-11-29_BatchSizeSchedule,val_every_five_after,1320,3.5437,63442
2025-11-29_BatchSizeSchedule,val_every_five_after,1325,3.539,63754
2025-11-29_BatchSizeSchedule,val_every_five_after,1330,3.5404,64069
2025-11-29_BatchSizeSchedule,val_every_five_after,1335,3.5378,64381
2025-11-29_BatchSizeSchedule,val_every_five_after,1340,3.5358,64696
2025-11-29_BatchSizeSchedule,val_every_five_after,1345,3.532,65009
2025-11-29_BatchSizeSchedule,val_every_five_after,1350,3.5334,65322
2025-11-29_BatchSizeSchedule,val_every_five_after,1355,3.5292,65637
2025-11-29_BatchSizeSchedule,val_every_five_after,1360,3.5325,65953
2025-11-29_BatchSizeSchedule,val_every_five_after,1365,3.529,66266
2025-11-29_BatchSizeSchedule,val_every_five_after,1370,3.5255,66579
2025-11-29_BatchSizeSchedule,val_every_five_after,1375,3.5227,66885
2025-11-29_BatchSizeSchedule,val_every_five_after,1380,3.5208,67201
2025-11-29_BatchSizeSchedule,val_every_five_after,1385,3.5191,67513
2025-11-29_BatchSizeSchedule,val_every_five_after,1390,3.5175,67832
2025-11-29_BatchSizeSchedule,val_every_five_after,1395,3.5155,68144
2025-11-29_BatchSizeSchedule,val_every_five_after,1400,3.5131,68459
2025-11-29_BatchSizeSchedule,val_every_five_after,1405,3.5195,68772
2025-11-29_BatchSizeSchedule,val_every_five_after,1410,3.5233,69086
2025-11-29_BatchSizeSchedule,val_every_five_after,1415,3.5175,69426
2025-11-29_BatchSizeSchedule,val_every_five_after,1420,3.531,69878
2025-11-29_BatchSizeSchedule,val_every_five_after,1425,3.5061,70328
2025-11-29_BatchSizeSchedule,val_every_five_after,1430,3.503,70782
2025-11-29_BatchSizeSchedule,val_every_five_after,1435,3.499,71226
2025-11-29_BatchSizeSchedule,val_every_five_after,1440,3.4974,71677
2025-11-29_BatchSizeSchedule,val_every_five_after,1445,3.4929,72126
2025-11-29_BatchSizeSchedule,val_every_five_after,1450,3.4912,72574
2025-11-29_BatchSizeSchedule,val_every_five_after,1455,3.4876,73025
2025-11-29_BatchSizeSchedule,val_every_five_after,1460,3.4865,73473
2025-11-29_BatchSizeSchedule,val_every_five_after,1465,3.4828,73918
2025-11-29_BatchSizeSchedule,val_every_five_after,1470,3.4822,74375
2025-11-29_BatchSizeSchedule,val_every_five_after,1475,3.4789,74827
2025-11-29_BatchSizeSchedule,val_every_five_after,1480,3.4777,75280
2025-11-29_BatchSizeSchedule,val_every_five_after,1485,3.4732,75724
2025-11-29_BatchSizeSchedule,val_every_five_after,1490,3.4736,76172
2025-11-29_BatchSizeSchedule,val_every_five_after,1495,3.4685,76625
2025-11-29_BatchSizeSchedule,val_every_five_after,1500,3.4697,77074
2025-11-29_BatchSizeSchedule,val_every_five_after,1505,3.4645,77523
2025-11-29_BatchSizeSchedule,val_every_five_after,1510,3.4642,77976
2025-11-29_BatchSizeSchedule,val_every_five_after,1515,3.4608,78426
2025-11-29_BatchSizeSchedule,val_every_five_after,1520,3.4586,78880
2025-11-29_BatchSizeSchedule,val_every_five_after,1525,3.4577,79328
2025-11-29_BatchSizeSchedule,val_every_five_after,1530,3.456,79774
2025-11-29_BatchSizeSchedule,val_every_five_after,1535,3.4525,80221
2025-11-29_BatchSizeSchedule,val_every_five_after,1540,3.4525,80673
2025-11-29_BatchSizeSchedule,val_every_five_after,1545,3.4492,81121
2025-11-29_BatchSizeSchedule,val_every_five_after,1550,3.4482,81574
2025-11-29_BatchSizeSchedule,val_every_five_after,1555,3.4469,82024
2025-11-29_BatchSizeSchedule,val_every_five_after,1560,3.445,82475
2025-11-29_BatchSizeSchedule,val_every_five_after,1565,3.4426,82921
2025-11-29_BatchSizeSchedule,val_every_five_after,1570,3.4408,83373
2025-11-29_BatchSizeSchedule,val_every_five_after,1575,3.438,83818
2025-11-29_BatchSizeSchedule,val_every_five_after,1580,3.4388,84268
2025-11-29_BatchSizeSchedule,val_every_five_after,1585,3.4338,84719
2025-11-29_BatchSizeSchedule,val_every_five_after,1590,3.4335,85169
2025-11-29_BatchSizeSchedule,val_every_five_after,1595,3.4298,85621
2025-11-29_BatchSizeSchedule,val_every_five_after,1600,3.429,86075
2025-11-29_BatchSizeSchedule,val_every_five_after,1605,3.426,86525
2025-11-29_BatchSizeSchedule,val_every_five_after,1610,3.4263,86974
2025-11-29_BatchSizeSchedule,val_every_five_after,1615,3.4233,87421
2025-11-29_BatchSizeSchedule,val_every_five_after,1620,3.4214,87870
2025-11-29_BatchSizeSchedule,val_every_five_after,1625,3.4191,88313
2025-11-29_BatchSizeSchedule,val_every_five_after,1630,3.4183,88761
2025-11-29_BatchSizeSchedule,val_every_five_after,1635,3.4152,89210
2025-11-29_BatchSizeSchedule,val_every_five_after,1640,3.414,89661
2025-11-29_BatchSizeSchedule,val_every_five_after,1645,3.4117,90110
2025-11-29_BatchSizeSchedule,val_every_five_after,1650,3.4111,90558
2025-11-29_BatchSizeSchedule,val_every_five_after,1655,3.409,91008
2025-11-29_BatchSizeSchedule,val_every_five_after,1660,3.4082,91459
2025-11-29_BatchSizeSchedule,val_every_five_after,1665,3.4047,91907
2025-11-29_BatchSizeSchedule,val_every_five_after,1670,3.4043,92361
2025-11-29_BatchSizeSchedule,val_every_five_after,1675,3.4019,92817
2025-11-29_BatchSizeSchedule,val_every_five_after,1680,3.4015,93269
2025-11-29_BatchSizeSchedule,val_every_five_after,1685,3.3987,93719
2025-11-29_BatchSizeSchedule,val_every_five_after,1690,3.3974,94171
2025-11-29_BatchSizeSchedule,val_every_five_after,1695,3.395,94620
2025-11-29_BatchSizeSchedule,val_every_five_after,1700,3.3936,95071
2025-11-29_BatchSizeSchedule,val_every_five_after,1705,3.3919,95515
2025-11-29_BatchSizeSchedule,val_every_five_after,1710,3.3903,95966
2025-11-29_BatchSizeSchedule,val_every_five_after,1715,3.3891,96417
2025-11-29_BatchSizeSchedule,val_every_five_after,1720,3.388,96870
2025-11-29_BatchSizeSchedule,val_every_five_after,1725,3.386,97319
2025-11-29_BatchSizeSchedule,val_every_five_after,1730,3.3838,97769
2025-11-29_BatchSizeSchedule,val_every_five_after,1735,3.3817,98218
2025-11-29_BatchSizeSchedule,val_every_five_after,1740,3.3801,98670
2025-11-29_BatchSizeSchedule,val_every_five_after,1745,3.3789,99120
2025-11-29_BatchSizeSchedule,val_every_five_after,1750,3.3772,99564
2025-11-29_BatchSizeSchedule,val_every_five_after,1755,3.3753,100014
2025-11-29_BatchSizeSchedule,val_every_five_after,1760,3.3743,100464
2025-11-29_BatchSizeSchedule,val_every_five_after,1765,3.3724,100911
2025-11-29_BatchSizeSchedule,val_every_five_after,1770,3.3714,101360
2025-11-29_BatchSizeSchedule,val_every_five_after,1775,3.3701,101810
2025-11-29_BatchSizeSchedule,val_every_five_after,1780,3.3681,102260
2025-11-29_BatchSizeSchedule,val_every_five_after,1785,3.3666,102709
2025-11-29_BatchSizeSchedule,val_every_five_after,1790,3.3658,103161
2025-11-29_BatchSizeSchedule,val_every_five_after,1795,3.3636,103605
2025-11-29_BatchSizeSchedule,val_every_five_after,1800,3.3634,104058
2025-11-29_BatchSizeSchedule,val_every_five_after,1805,3.361,104508
2025-11-29_BatchSizeSchedule,val_every_five_after,1810,3.3602,104958
2025-11-29_BatchSizeSchedule,val_every_five_after,1815,3.3582,105408
2025-11-29_BatchSizeSchedule,val_every_five_after,1820,3.3561,105853
2025-11-29_BatchSizeSchedule,val_every_five_after,1825,3.3546,106300
2025-11-29_BatchSizeSchedule,val_every_five_after,1830,3.3541,106747
2025-11-29_BatchSizeSchedule,val_every_five_after,1835,3.352,107197
2025-11-29_BatchSizeSchedule,val_every_five_after,1840,3.3522,107649
2025-11-29_BatchSizeSchedule,val_every_five_after,1845,3.3496,108099
2025-11-29_BatchSizeSchedule,val_every_five_after,1850,3.3476,108545
2025-11-29_BatchSizeSchedule,val_every_five_after,1855,3.3464,108989
2025-11-29_BatchSizeSchedule,val_every_five_after,1860,3.3452,109439
2025-11-29_BatchSizeSchedule,val_every_five_after,1865,3.3432,109883
2025-11-29_BatchSizeSchedule,val_every_five_after,1870,3.3422,110334
2025-11-29_BatchSizeSchedule,val_every_five_after,1875,3.3411,110782
2025-11-29_BatchSizeSchedule,val_every_five_after,1880,3.3395,111232
2025-11-29_BatchSizeSchedule,val_every_five_after,1885,3.3384,111681
2025-11-29_BatchSizeSchedule,val_every_five_after,1890,3.3367,112131
2025-11-29_BatchSizeSchedule,val_every_five_after,1895,3.3351,112577
2025-11-29_BatchSizeSchedule,val_every_five_after,1900,3.334,113025
2025-11-29_BatchSizeSchedule,val_every_five_after,1905,3.3328,113472
2025-11-29_BatchSizeSchedule,val_every_five_after,1910,3.3312,113920
2025-11-29_BatchSizeSchedule,val_every_five_after,1915,3.3305,114370
2025-11-29_BatchSizeSchedule,val_every_five_after,1920,3.3287,114822
2025-11-29_BatchSizeSchedule,val_every_five_after,1925,3.3278,115265
2025-11-29_BatchSizeSchedule,val_every_five_after,1930,3.3263,115716
2025-11-29_BatchSizeSchedule,val_every_five_after,1935,3.3248,116162
2025-11-29_BatchSizeSchedule,val_every_five_after,1940,3.3241,116612
2025-11-29_BatchSizeSchedule,val_every_five_after,1945,3.3225,117062
2025-11-29_BatchSizeSchedule,val_every_five_after,1950,3.3215,117516
2025-11-29_BatchSizeSchedule,val_every_five_after,1955,3.3201,117969
2025-11-29_BatchSizeSchedule,val_every_five_after,1960,3.319,118414
2025-11-29_BatchSizeSchedule,val_every_five_after,1965,3.318,118864
2025-11-29_BatchSizeSchedule,val_every_five_after,1970,3.3161,119310
2025-11-29_BatchSizeSchedule,val_every_five_after,1975,3.3148,119762
2025-11-29_BatchSizeSchedule,val_every_five_after,1980,3.3134,120211
2025-11-29_BatchSizeSchedule,val_every_five_after,1985,3.3127,120661
2025-11-29_BatchSizeSchedule,val_every_five_after,1990,3.3113,121111
2025-11-29_BatchSizeSchedule,val_every_five_after,1995,3.3102,121558
2025-11-29_BatchSizeSchedule,val_every_five_after,2000,3.309,122010
2025-11-29_BatchSizeSchedule,val_every_five_after,2005,3.3081,122462
2025-11-29_BatchSizeSchedule,val_every_five_after,2010,3.3069,122912
2025-11-29_BatchSizeSchedule,val_every_five_after,2015,3.3056,123361
2025-11-29_BatchSizeSchedule,val_every_five_after,2020,3.3052,123813
2025-11-29_BatchSizeSchedule,val_every_five_after,2025,3.304,124264
2025-11-29_BatchSizeSchedule,val_every_five_after,2030,3.3025,124711
2025-11-29_BatchSizeSchedule,val_every_five_after,2035,3.3015,125160
2025-11-29_BatchSizeSchedule,val_every_five_after,2040,3.3004,125615
2025-11-29_BatchSizeSchedule,val_every_five_after,2045,3.2995,126065
2025-11-29_BatchSizeSchedule,val_every_five_after,2050,3.298,126517
2025-11-29_BatchSizeSchedule,val_every_five_after,2055,3.2976,126967
2025-11-29_BatchSizeSchedule,val_every_five_after,2060,3.2965,127416
2025-11-29_BatchSizeSchedule,val_every_five_after,2065,3.2957,127868
2025-11-29_BatchSizeSchedule,val_every_five_after,2070,3.2947,128324
2025-11-29_BatchSizeSchedule,val_every_five_after,2075,3.2937,128774
2025-11-29_BatchSizeSchedule,val_every_five_after,2080,3.2927,129221
2025-11-29_BatchSizeSchedule,val_every_five_after,2085,3.2921,129674
2025-11-29_BatchSizeSchedule,val_every_five_after,2090,3.2913,130122
2025-11-29_BatchSizeSchedule,val_every_five_after,2095,3.2903,130575
2025-11-29_BatchSizeSchedule,val_every_five_after,2100,3.2894,131025
2025-11-29_BatchSizeSchedule,val_every_five_after,2105,3.2887,131476
2025-11-29_BatchSizeSchedule,val_every_five_after,2110,3.2879,131929
2025-11-29_BatchSizeSchedule,val_every_five_after,2115,3.2871,132381
2025-11-29_BatchSizeSchedule,val_every_five_after,2120,3.2848,132835
2025-11-29_BatchSizeSchedule,val_every_five_after,2125,3.2836,133286
2025-11-29_BatchSizeSchedule,val_every_five_after,2130,3.2828,133735
2025-11-29_BatchSizeSchedule,val_every_five_after,2135,3.2821,134180
2025-11-29_BatchSizeSchedule,val_every_five_after,2140,3.2815,134630
2025-11-29_BatchSizeSchedule,val_every_five_after,2145,3.2809,135079
2025-11-29_BatchSizeSchedule,val_every_five_after,2150,3.2805,135531
2025-11-29_BatchSizeSchedule,val_every_five_after,2155,3.2799,135978
2025-11-29_BatchSizeSchedule,val_every_five_after,2160,3.277,136426
2025-11-29_BatchSizeSchedule,4397d064-75eb-4880-afcf-6b23fee0062d,0,10.8258,0
2025-11-29_BatchSizeSchedule,4397d064-75eb-4880-afcf-6b23fee0062d,250,4.3062,8618
2025-11-29_BatchSizeSchedule,4397d064-75eb-4880-afcf-6b23fee0062d,500,4.0094,17014
2025-11-29_BatchSizeSchedule,4397d064-75eb-4880-afcf-6b23fee0062d,750,3.858,26561
2025-11-29_BatchSizeSchedule,4397d064-75eb-4880-afcf-6b23fee0062d,1000,3.6844,41625
2025-11-29_BatchSizeSchedule,4397d064-75eb-4880-afcf-6b23fee0062d,1250,3.5874,56656
2025-11-29_BatchSizeSchedule,4397d064-75eb-4880-afcf-6b23fee0062d,1500,3.4673,74084
2025-11-29_BatchSizeSchedule,4397d064-75eb-4880-afcf-6b23fee0062d,1750,3.3775,96108
2025-11-29_BatchSizeSchedule,4397d064-75eb-4880-afcf-6b23fee0062d,2000,3.3092,118125
2025-11-29_BatchSizeSchedule,4397d064-75eb-4880-afcf-6b23fee0062d,2160,3.2773,132249
2025-11-29_BatchSizeSchedule,ff0a5115-1d92-4479-b778-bc1a23cec48d,0,10.8258,0
2025-11-29_BatchSizeSchedule,ff0a5115-1d92-4479-b778-bc1a23cec48d,250,4.2996,8628
2025-11-29_BatchSizeSchedule,ff0a5115-1d92-4479-b778-bc1a23cec48d,500,4.0081,17011
2025-11-29_BatchSizeSchedule,ff0a5115-1d92-4479-b778-bc1a23cec48d,750,3.8439,26539
2025-11-29_BatchSizeSchedule,ff0a5115-1d92-4479-b778-bc1a23cec48d,1000,3.6921,41601
2025-11-29_BatchSizeSchedule,ff0a5115-1d92-4479-b778-bc1a23cec48d,1250,3.568,56676
2025-11-29_BatchSizeSchedule,ff0a5115-1d92-4479-b778-bc1a23cec48d,1500,3.4681,74123
2025-11-29_BatchSizeSchedule,ff0a5115-1d92-4479-b778-bc1a23cec48d,1750,3.378,96148
2025-11-29_BatchSizeSchedule,ff0a5115-1d92-4479-b778-bc1a23cec48d,2000,3.3087,118164
2025-11-29_BatchSizeSchedule,ff0a5115-1d92-4479-b778-bc1a23cec48d,2160,3.2765,132275
2025-11-18_RefineSkip,c07a6da9-d906-47f5-89d5-f7983c82cf92,0,10.8258,0
2025-11-18_RefineSkip,c07a6da9-d906-47f5-89d5-f7983c82cf92,250,4.1148,15096
2025-11-18_RefineSkip,c07a6da9-d906-47f5-89d5-f7983c82cf92,500,3.8203,30097
2025-11-18_RefineSkip,c07a6da9-d906-47f5-89d5-f7983c82cf92,750,3.6658,45110
2025-11-18_RefineSkip,c07a6da9-d906-47f5-89d5-f7983c82cf92,1000,3.5904,60279
2025-11-18_RefineSkip,c07a6da9-d906-47f5-89d5-f7983c82cf92,1250,3.5185,75448
2025-11-18_RefineSkip,c07a6da9-d906-47f5-89d5-f7983c82cf92,1500,3.4382,90638
2025-11-18_RefineSkip,c07a6da9-d906-47f5-89d5-f7983c82cf92,1750,3.3742,105943
2025-11-18_RefineSkip,c07a6da9-d906-47f5-89d5-f7983c82cf92,2000,3.3198,121231
2025-11-18_RefineSkip,c07a6da9-d906-47f5-89d5-f7983c82cf92,2225,3.278,134998
2025-11-18_RefineSkip,1a0de2ed-04bb-497d-8383-efd089887612,0,10.8258,0
2025-11-18_RefineSkip,1a0de2ed-04bb-497d-8383-efd089887612,250,4.0919,15085
2025-11-18_RefineSkip,1a0de2ed-04bb-497d-8383-efd089887612,500,3.823,30088
2025-11-18_RefineSkip,1a0de2ed-04bb-497d-8383-efd089887612,750,3.6681,45110
2025-11-18_RefineSkip,1a0de2ed-04bb-497d-8383-efd089887612,1000,3.5938,60242
2025-11-18_RefineSkip,1a0de2ed-04bb-497d-8383-efd089887612,1250,3.5203,75407
2025-11-18_RefineSkip,1a0de2ed-04bb-497d-8383-efd089887612,1500,3.4407,90590
2025-11-18_RefineSkip,1a0de2ed-04bb-497d-8383-efd089887612,1750,3.375,105876
2025-11-18_RefineSkip,1a0de2ed-04bb-497d-8383-efd089887612,2000,3.3204,121162
2025-11-18_RefineSkip,1a0de2ed-04bb-497d-8383-efd089887612,2225,3.2787,134925
2025-11-18_RefineSkip,00f4e1e6-0044-4a08-b88a-3b7ec0624081,0,10.8258,0
2025-11-18_RefineSkip,00f4e1e6-0044-4a08-b88a-3b7ec0624081,250,4.0964,15078
2025-11-18_RefineSkip,00f4e1e6-0044-4a08-b88a-3b7ec0624081,500,3.8205,30070
2025-11-18_RefineSkip,00f4e1e6-0044-4a08-b88a-3b7ec0624081,750,3.6674,45039
2025-11-18_RefineSkip,00f4e1e6-0044-4a08-b88a-3b7ec0624081,1000,3.5911,60180
2025-11-18_RefineSkip,00f4e1e6-0044-4a08-b88a-3b7ec0624081,1250,3.5196,75356
2025-11-18_RefineSkip,00f4e1e6-0044-4a08-b88a-3b7ec0624081,1500,3.438,90522
2025-11-18_RefineSkip,00f4e1e6-0044-4a08-b88a-3b7ec0624081,1750,3.3737,105796
2025-11-18_RefineSkip,00f4e1e6-0044-4a08-b88a-3b7ec0624081,2000,3.3195,121069
2025-11-18_RefineSkip,00f4e1e6-0044-4a08-b88a-3b7ec0624081,2225,3.2777,134826
2025-11-18_RefineSkip,c4155304-94ca-469a-8cbb-785dcf08dacb,0,10.8258,0
2025-11-18_RefineSkip,c4155304-94ca-469a-8cbb-785dcf08dacb,250,4.0822,15078
2025-11-18_RefineSkip,c4155304-94ca-469a-8cbb-785dcf08dacb,500,3.8186,30084
2025-11-18_RefineSkip,c4155304-94ca-469a-8cbb-785dcf08dacb,750,3.6681,45081
2025-11-18_RefineSkip,c4155304-94ca-469a-8cbb-785dcf08dacb,1000,3.5931,60182
2025-11-18_RefineSkip,c4155304-94ca-469a-8cbb-785dcf08dacb,1250,3.5206,75297
2025-11-18_RefineSkip,c4155304-94ca-469a-8cbb-785dcf08dacb,1500,3.4402,90439
2025-11-18_RefineSkip,c4155304-94ca-469a-8cbb-785dcf08dacb,1750,3.3761,105700
2025-11-18_RefineSkip,c4155304-94ca-469a-8cbb-785dcf08dacb,2000,3.3216,120967
2025-11-18_RefineSkip,c4155304-94ca-469a-8cbb-785dcf08dacb,2225,3.28,134722
2025-11-18_RefineSkip,b1f2d939-568e-4244-a3af-bb9a013474ad,0,10.8258,0
2025-11-18_RefineSkip,b1f2d939-568e-4244-a3af-bb9a013474ad,250,4.0814,15098
2025-11-18_RefineSkip,b1f2d939-568e-4244-a3af-bb9a013474ad,500,3.8262,30121
2025-11-18_RefineSkip,b1f2d939-568e-4244-a3af-bb9a013474ad,750,3.6694,45130
2025-11-18_RefineSkip,b1f2d939-568e-4244-a3af-bb9a013474ad,1000,3.5947,60301
2025-11-18_RefineSkip,b1f2d939-568e-4244-a3af-bb9a013474ad,1250,3.521,75471
2025-11-18_RefineSkip,b1f2d939-568e-4244-a3af-bb9a013474ad,1500,3.4402,90646
2025-11-18_RefineSkip,b1f2d939-568e-4244-a3af-bb9a013474ad,1750,3.3761,105940
2025-11-18_RefineSkip,b1f2d939-568e-4244-a3af-bb9a013474ad,2000,3.3217,121235
2025-11-18_RefineSkip,b1f2d939-568e-4244-a3af-bb9a013474ad,2225,3.2799,135004
2025-11-18_RefineSkip,dd105a9f-eda5-4b48-939d-c4b2fe088e8c,0,10.8258,0
2025-11-18_RefineSkip,dd105a9f-eda5-4b48-939d-c4b2fe088e8c,250,4.0881,15077
2025-11-18_RefineSkip,dd105a9f-eda5-4b48-939d-c4b2fe088e8c,500,3.8233,30080
2025-11-18_RefineSkip,dd105a9f-eda5-4b48-939d-c4b2fe088e8c,750,3.6664,45087
2025-11-18_RefineSkip,dd105a9f-eda5-4b48-939d-c4b2fe088e8c,1000,3.5959,60244
2025-11-18_RefineSkip,dd105a9f-eda5-4b48-939d-c4b2fe088e8c,1250,3.5219,75414
2025-11-18_RefineSkip,dd105a9f-eda5-4b48-939d-c4b2fe088e8c,1500,3.4405,90604
2025-11-18_RefineSkip,dd105a9f-eda5-4b48-939d-c4b2fe088e8c,1750,3.3768,105881
2025-11-18_RefineSkip,dd105a9f-eda5-4b48-939d-c4b2fe088e8c,2000,3.322,121152
2025-11-18_RefineSkip,dd105a9f-eda5-4b48-939d-c4b2fe088e8c,2225,3.2804,134912
2025-11-18_RefineSkip,d2bfe333-129e-48e9-ba8a-482a4fb6ebaa,0,10.8258,0
2025-11-18_RefineSkip,d2bfe333-129e-48e9-ba8a-482a4fb6ebaa,250,4.0811,15203
2025-11-18_RefineSkip,d2bfe333-129e-48e9-ba8a-482a4fb6ebaa,500,3.8213,30211
2025-11-18_RefineSkip,d2bfe333-129e-48e9-ba8a-482a4fb6ebaa,750,3.6683,45222
2025-11-18_RefineSkip,d2bfe333-129e-48e9-ba8a-482a4fb6ebaa,1000,3.59,60369
2025-11-18_RefineSkip,d2bfe333-129e-48e9-ba8a-482a4fb6ebaa,1250,3.5181,75536
2025-11-18_RefineSkip,d2bfe333-129e-48e9-ba8a-482a4fb6ebaa,1500,3.4388,90717
2025-11-18_RefineSkip,d2bfe333-129e-48e9-ba8a-482a4fb6ebaa,1750,3.3737,106011
2025-11-18_RefineSkip,d2bfe333-129e-48e9-ba8a-482a4fb6ebaa,2000,3.3193,121299
2025-11-18_RefineSkip,d2bfe333-129e-48e9-ba8a-482a4fb6ebaa,2225,3.278,135063
2025-11-18_RefineSkip,7955ecb7-9032-4e04-9324-18d75746d818,0,10.8258,0
2025-11-18_RefineSkip,7955ecb7-9032-4e04-9324-18d75746d818,250,4.0861,15118
2025-11-18_RefineSkip,7955ecb7-9032-4e04-9324-18d75746d818,500,3.82,30081
2025-11-18_RefineSkip,7955ecb7-9032-4e04-9324-18d75746d818,750,3.6682,45091
2025-11-18_RefineSkip,7955ecb7-9032-4e04-9324-18d75746d818,1000,3.595,60261
2025-11-18_RefineSkip,7955ecb7-9032-4e04-9324-18d75746d818,1250,3.5198,75447
2025-11-18_RefineSkip,7955ecb7-9032-4e04-9324-18d75746d818,1500,3.4391,90638
2025-11-18_RefineSkip,7955ecb7-9032-4e04-9324-18d75746d818,1750,3.3739,105925
2025-11-18_RefineSkip,7955ecb7-9032-4e04-9324-18d75746d818,2000,3.3201,121220
2025-11-18_RefineSkip,7955ecb7-9032-4e04-9324-18d75746d818,2225,3.2783,134994
2025-11-18_RefineSkip,ca80f52b-90d2-49ca-9a7a-15ad3aa17774,0,10.8258,0
2025-11-18_RefineSkip,ca80f52b-90d2-49ca-9a7a-15ad3aa17774,250,4.078,15081
2025-11-18_RefineSkip,ca80f52b-90d2-49ca-9a7a-15ad3aa17774,500,3.8259,30058
2025-11-18_RefineSkip,ca80f52b-90d2-49ca-9a7a-15ad3aa17774,750,3.6645,45070
2025-11-18_RefineSkip,ca80f52b-90d2-49ca-9a7a-15ad3aa17774,1000,3.5893,60237
2025-11-18_RefineSkip,ca80f52b-90d2-49ca-9a7a-15ad3aa17774,1250,3.519,75426
2025-11-18_RefineSkip,ca80f52b-90d2-49ca-9a7a-15ad3aa17774,1500,3.4381,90633
2025-11-18_RefineSkip,ca80f52b-90d2-49ca-9a7a-15ad3aa17774,1750,3.3744,105926
2025-11-18_RefineSkip,ca80f52b-90d2-49ca-9a7a-15ad3aa17774,2000,3.3202,121217
2025-11-18_RefineSkip,ca80f52b-90d2-49ca-9a7a-15ad3aa17774,2225,3.2784,134993
2025-11-18_RefineSkip,69bc0d40-c346-40fe-a2c2-a0305c012232,0,10.8258,0
2025-11-18_RefineSkip,69bc0d40-c346-40fe-a2c2-a0305c012232,250,4.1931,15086
2025-11-18_RefineSkip,69bc0d40-c346-40fe-a2c2-a0305c012232,500,3.8209,30074
2025-11-18_RefineSkip,69bc0d40-c346-40fe-a2c2-a0305c012232,750,3.6669,45087
2025-11-18_RefineSkip,69bc0d40-c346-40fe-a2c2-a0305c012232,1000,3.5897,60248
2025-11-18_RefineSkip,69bc0d40-c346-40fe-a2c2-a0305c012232,1250,3.5193,75429
2025-11-18_RefineSkip,69bc0d40-c346-40fe-a2c2-a0305c012232,1500,3.4398,90632
2025-11-18_RefineSkip,69bc0d40-c346-40fe-a2c2-a0305c012232,1750,3.3757,105919
2025-11-18_RefineSkip,69bc0d40-c346-40fe-a2c2-a0305c012232,2000,3.3212,121209
2025-11-18_RefineSkip,69bc0d40-c346-40fe-a2c2-a0305c012232,2225,3.2797,134981
2025-11-12_BlockMaskRedundantOp,original_timing,0,10.825837,1
2025-11-12_BlockMaskRedundantOp,original_timing,125,4.318974,28299
2025-11-12_BlockMaskRedundantOp,original_timing,250,3.874033,56772
2025-11-12_BlockMaskRedundantOp,original_timing,375,3.695199,85911
2025-11-12_BlockMaskRedundantOp,original_timing,500,3.578103,115451
2025-11-12_BlockMaskRedundantOp,original_timing,625,3.500731,145325
2025-11-12_BlockMaskRedundantOp,original_timing,750,3.444997,175514
2025-11-12_BlockMaskRedundantOp,original_timing,875,3.398698,205858
2025-11-12_BlockMaskRedundantOp,original_timing,1000,3.360072,236469
2025-11-12_BlockMaskRedundantOp,original_timing,1125,3.333703,267181
2025-11-12_BlockMaskRedundantOp,original_timing,1250,3.307248,297980
2025-11-12_BlockMaskRedundantOp,original_timing,1375,3.286453,328964
2025-11-12_BlockMaskRedundantOp,original_timing,1500,3.266648,360029
2025-11-12_BlockMaskRedundantOp,original_timing,1625,3.251112,391216
2025-11-12_BlockMaskRedundantOp,original_timing,1750,3.234624,422404
2025-11-12_BlockMaskRedundantOp,original_timing,1875,3.218248,453601
2025-11-12_BlockMaskRedundantOp,original_timing,2000,3.202725,484788
2025-11-12_BlockMaskRedundantOp,original_timing,2125,3.187875,516328
2025-11-12_BlockMaskRedundantOp,original_timing,2250,3.173004,547826
2025-11-12_BlockMaskRedundantOp,original_timing,2375,3.16136,579314
2025-11-12_BlockMaskRedundantOp,original_timing,2500,3.150145,610838
2025-11-12_BlockMaskRedundantOp,original_timing,2625,3.138366,642374
2025-11-12_BlockMaskRedundantOp,original_timing,2750,3.127335,673845
2025-11-12_BlockMaskRedundantOp,original_timing,2875,3.117519,705340
2025-11-12_BlockMaskRedundantOp,original_timing,3000,3.107375,736898
2025-11-12_BlockMaskRedundantOp,original_timing,3125,3.096256,768427
2025-11-12_BlockMaskRedundantOp,original_timing,3250,3.085197,799953
2025-11-12_BlockMaskRedundantOp,original_timing,3375,3.075499,831435
2025-11-12_BlockMaskRedundantOp,original_timing,3500,3.06737,862976
2025-11-12_BlockMaskRedundantOp,original_timing,3625,3.059278,894512
2025-11-12_BlockMaskRedundantOp,original_timing,3750,3.050686,926044
2025-11-12_BlockMaskRedundantOp,original_timing,3875,3.042684,957580
2025-11-12_BlockMaskRedundantOp,original_timing,4000,3.032772,989092
2025-11-12_BlockMaskRedundantOp,original_timing,4125,3.024562,1020711
2025-11-12_BlockMaskRedundantOp,original_timing,4250,3.016596,1052285
2025-11-12_BlockMaskRedundantOp,original_timing,4375,3.009392,1083856
2025-11-12_BlockMaskRedundantOp,original_timing,4500,3.000186,1115782
2025-11-12_BlockMaskRedundantOp,original_timing,4625,2.992046,1147626
2025-11-12_BlockMaskRedundantOp,original_timing,4750,2.98271,1179553
2025-11-12_BlockMaskRedundantOp,original_timing,4875,2.974251,1211880
2025-11-12_BlockMaskRedundantOp,original_timing,5000,2.966368,1244196
2025-11-12_BlockMaskRedundantOp,original_timing,5125,2.958537,1276407
2025-11-12_BlockMaskRedundantOp,original_timing,5250,2.950529,1308800
2025-11-12_BlockMaskRedundantOp,original_timing,5375,2.943395,1341325
2025-11-12_BlockMaskRedundantOp,original_timing,5500,2.936897,1374043
2025-11-12_BlockMaskRedundantOp,original_timing,5625,2.930659,1406950
2025-11-12_BlockMaskRedundantOp,original_timing,5750,2.925116,1440186
2025-11-12_BlockMaskRedundantOp,original_timing,5875,2.92099,1473547
2025-11-12_BlockMaskRedundantOp,original_timing,5960,2.919649,1496283
2025-11-12_BlockMaskRedundantOp,000_3b22a9d4-b52e-4916-99bf-3d48b38747a7,0,10.825837,1
2025-11-12_BlockMaskRedundantOp,000_3b22a9d4-b52e-4916-99bf-3d48b38747a7,125,4.333292,28281
2025-11-12_BlockMaskRedundantOp,000_3b22a9d4-b52e-4916-99bf-3d48b38747a7,250,3.874138,56752
2025-11-12_BlockMaskRedundantOp,000_3b22a9d4-b52e-4916-99bf-3d48b38747a7,375,3.692828,85895
2025-11-12_BlockMaskRedundantOp,000_3b22a9d4-b52e-4916-99bf-3d48b38747a7,500,3.578936,115448
2025-11-12_BlockMaskRedundantOp,000_3b22a9d4-b52e-4916-99bf-3d48b38747a7,625,3.50019,145330
2025-11-12_BlockMaskRedundantOp,000_3b22a9d4-b52e-4916-99bf-3d48b38747a7,750,3.446641,175529
2025-11-12_BlockMaskRedundantOp,000_3b22a9d4-b52e-4916-99bf-3d48b38747a7,875,3.398949,205853
2025-11-12_BlockMaskRedundantOp,000_3b22a9d4-b52e-4916-99bf-3d48b38747a7,1000,3.359924,236453
2025-11-12_BlockMaskRedundantOp,000_3b22a9d4-b52e-4916-99bf-3d48b38747a7,1125,3.331924,267196
2025-11-12_BlockMaskRedundantOp,000_3b22a9d4-b52e-4916-99bf-3d48b38747a7,1250,3.306556,297994
2025-11-12_BlockMaskRedundantOp,000_3b22a9d4-b52e-4916-99bf-3d48b38747a7,1375,3.286376,329037
2025-11-12_BlockMaskRedundantOp,000_3b22a9d4-b52e-4916-99bf-3d48b38747a7,1500,3.264544,360113
2025-11-12_BlockMaskRedundantOp,000_3b22a9d4-b52e-4916-99bf-3d48b38747a7,1625,3.249048,391279
2025-11-12_BlockMaskRedundantOp,000_3b22a9d4-b52e-4916-99bf-3d48b38747a7,1750,3.233222,422472
2025-11-12_BlockMaskRedundantOp,000_3b22a9d4-b52e-4916-99bf-3d48b38747a7,1875,3.218132,453649
2025-11-12_BlockMaskRedundantOp,000_3b22a9d4-b52e-4916-99bf-3d48b38747a7,2000,3.201767,484818
2025-11-12_BlockMaskRedundantOp,000_3b22a9d4-b52e-4916-99bf-3d48b38747a7,2125,3.186478,516343
2025-11-12_BlockMaskRedundantOp,000_3b22a9d4-b52e-4916-99bf-3d48b38747a7,2250,3.172314,547826
2025-11-12_BlockMaskRedundantOp,000_3b22a9d4-b52e-4916-99bf-3d48b38747a7,2375,3.160708,579308
2025-11-12_BlockMaskRedundantOp,000_3b22a9d4-b52e-4916-99bf-3d48b38747a7,2500,3.149688,610837
2025-11-12_BlockMaskRedundantOp,000_3b22a9d4-b52e-4916-99bf-3d48b38747a7,2625,3.136319,642337
2025-11-12_BlockMaskRedundantOp,000_3b22a9d4-b52e-4916-99bf-3d48b38747a7,2750,3.126685,673826
2025-11-12_BlockMaskRedundantOp,000_3b22a9d4-b52e-4916-99bf-3d48b38747a7,2875,3.11636,705328
2025-11-12_BlockMaskRedundantOp,000_3b22a9d4-b52e-4916-99bf-3d48b38747a7,3000,3.106553,736904
2025-11-12_BlockMaskRedundantOp,000_3b22a9d4-b52e-4916-99bf-3d48b38747a7,3125,3.094896,768417
2025-11-12_BlockMaskRedundantOp,000_3b22a9d4-b52e-4916-99bf-3d48b38747a7,3250,3.084236,799907
2025-11-12_BlockMaskRedundantOp,000_3b22a9d4-b52e-4916-99bf-3d48b38747a7,3375,3.075003,831375
2025-11-12_BlockMaskRedundantOp,000_3b22a9d4-b52e-4916-99bf-3d48b38747a7,3500,3.066559,862911
2025-11-12_BlockMaskRedundantOp,000_3b22a9d4-b52e-4916-99bf-3d48b38747a7,3625,3.058402,894446
2025-11-12_BlockMaskRedundantOp,000_3b22a9d4-b52e-4916-99bf-3d48b38747a7,3750,3.0495,925981
2025-11-12_BlockMaskRedundantOp,000_3b22a9d4-b52e-4916-99bf-3d48b38747a7,3875,3.041238,957496
2025-11-12_BlockMaskRedundantOp,000_3b22a9d4-b52e-4916-99bf-3d48b38747a7,4000,3.031225,989015
2025-11-12_BlockMaskRedundantOp,000_3b22a9d4-b52e-4916-99bf-3d48b38747a7,4125,3.02357,1020596
2025-11-12_BlockMaskRedundantOp,000_3b22a9d4-b52e-4916-99bf-3d48b38747a7,4250,3.015597,1052172
2025-11-12_BlockMaskRedundantOp,000_3b22a9d4-b52e-4916-99bf-3d48b38747a7,4375,3.007927,1083748
2025-11-12_BlockMaskRedundantOp,000_3b22a9d4-b52e-4916-99bf-3d48b38747a7,4500,2.99897,1115740
2025-11-12_BlockMaskRedundantOp,000_3b22a9d4-b52e-4916-99bf-3d48b38747a7,4625,2.990846,1147595
2025-11-12_BlockMaskRedundantOp,000_3b22a9d4-b52e-4916-99bf-3d48b38747a7,4750,2.981574,1179662
2025-11-12_BlockMaskRedundantOp,000_3b22a9d4-b52e-4916-99bf-3d48b38747a7,4875,2.973413,1211832
2025-11-12_BlockMaskRedundantOp,000_3b22a9d4-b52e-4916-99bf-3d48b38747a7,5000,2.965327,1243989
2025-11-12_BlockMaskRedundantOp,000_3b22a9d4-b52e-4916-99bf-3d48b38747a7,5125,2.957427,1276174
2025-11-12_BlockMaskRedundantOp,000_3b22a9d4-b52e-4916-99bf-3d48b38747a7,5250,2.949712,1308635
2025-11-12_BlockMaskRedundantOp,000_3b22a9d4-b52e-4916-99bf-3d48b38747a7,5375,2.942232,1341161
2025-11-12_BlockMaskRedundantOp,000_3b22a9d4-b52e-4916-99bf-3d48b38747a7,5500,2.935751,1373839
2025-11-12_BlockMaskRedundantOp,000_3b22a9d4-b52e-4916-99bf-3d48b38747a7,5625,2.929482,1406719
2025-11-12_BlockMaskRedundantOp,000_3b22a9d4-b52e-4916-99bf-3d48b38747a7,5750,2.92394,1439918
2025-11-12_BlockMaskRedundantOp,000_3b22a9d4-b52e-4916-99bf-3d48b38747a7,5875,2.919873,1473316
2025-11-12_BlockMaskRedundantOp,000_3b22a9d4-b52e-4916-99bf-3d48b38747a7,5960,2.918512,1496063
2025-11-10_CautiousWD,7f53cbe9-4553-44fd-97e6-7e479337fdab,0,10.8258,0
2025-11-10_CautiousWD,7f53cbe9-4553-44fd-97e6-7e479337fdab,250,4.0823,15170
2025-11-10_CautiousWD,7f53cbe9-4553-44fd-97e6-7e479337fdab,500,3.8249,30196
2025-11-10_CautiousWD,7f53cbe9-4553-44fd-97e6-7e479337fdab,750,3.6714,45685
2025-11-10_CautiousWD,7f53cbe9-4553-44fd-97e6-7e479337fdab,1000,3.595,60983
2025-11-10_CautiousWD,7f53cbe9-4553-44fd-97e6-7e479337fdab,1250,3.5231,76297
2025-11-10_CautiousWD,7f53cbe9-4553-44fd-97e6-7e479337fdab,1500,3.4424,91617
2025-11-10_CautiousWD,7f53cbe9-4553-44fd-97e6-7e479337fdab,1750,3.3796,107050
2025-11-10_CautiousWD,7f53cbe9-4553-44fd-97e6-7e479337fdab,2000,3.3248,122486
2025-11-10_CautiousWD,7f53cbe9-4553-44fd-97e6-7e479337fdab,2245,3.2794,137639
2025-11-10_CautiousWD,4c0708bf-8091-46ef-9557-f945cdf287c7,0,10.8258,0
2025-11-10_CautiousWD,4c0708bf-8091-46ef-9557-f945cdf287c7,250,4.0877,15173
2025-11-10_CautiousWD,4c0708bf-8091-46ef-9557-f945cdf287c7,500,3.8285,30195
2025-11-10_CautiousWD,4c0708bf-8091-46ef-9557-f945cdf287c7,750,3.6681,45745
2025-11-10_CautiousWD,4c0708bf-8091-46ef-9557-f945cdf287c7,1000,3.5907,61043
2025-11-10_CautiousWD,4c0708bf-8091-46ef-9557-f945cdf287c7,1250,3.5205,76348
2025-11-10_CautiousWD,4c0708bf-8091-46ef-9557-f945cdf287c7,1500,3.4411,91673
2025-11-10_CautiousWD,4c0708bf-8091-46ef-9557-f945cdf287c7,1750,3.3772,107080
2025-11-10_CautiousWD,4c0708bf-8091-46ef-9557-f945cdf287c7,2000,3.3226,122501
2025-11-10_CautiousWD,4c0708bf-8091-46ef-9557-f945cdf287c7,2245,3.2777,137636
2025-11-10_CautiousWD,a33fa276-234b-4c9c-9b78-43d85c411e8d,0,10.8258,0
2025-11-10_CautiousWD,a33fa276-234b-4c9c-9b78-43d85c411e8d,250,4.0728,15180
2025-11-10_CautiousWD,a33fa276-234b-4c9c-9b78-43d85c411e8d,500,3.8244,30264
2025-11-10_CautiousWD,a33fa276-234b-4c9c-9b78-43d85c411e8d,750,3.6693,45744
2025-11-10_CautiousWD,a33fa276-234b-4c9c-9b78-43d85c411e8d,1000,3.5947,61044
2025-11-10_CautiousWD,a33fa276-234b-4c9c-9b78-43d85c411e8d,1250,3.5259,76358
2025-11-10_CautiousWD,a33fa276-234b-4c9c-9b78-43d85c411e8d,1500,3.4449,91689
2025-11-10_CautiousWD,a33fa276-234b-4c9c-9b78-43d85c411e8d,1750,3.3807,107124
2025-11-10_CautiousWD,a33fa276-234b-4c9c-9b78-43d85c411e8d,2000,3.3265,122559
2025-11-10_CautiousWD,a33fa276-234b-4c9c-9b78-43d85c411e8d,2245,3.2813,137708
2025-11-10_CautiousWD,1aac0132-a891-4ed9-b358-0fd2abd1b019,0,10.8258,0
2025-11-10_CautiousWD,1aac0132-a891-4ed9-b358-0fd2abd1b019,250,4.0956,15142
2025-11-10_CautiousWD,1aac0132-a891-4ed9-b358-0fd2abd1b019,500,3.8197,30166
2025-11-10_CautiousWD,1aac0132-a891-4ed9-b358-0fd2abd1b019,750,3.6701,45653
2025-11-10_CautiousWD,1aac0132-a891-4ed9-b358-0fd2abd1b019,1000,3.5925,60937
2025-11-10_CautiousWD,1aac0132-a891-4ed9-b358-0fd2abd1b019,1250,3.5232,76252
2025-11-10_CautiousWD,1aac0132-a891-4ed9-b358-0fd2abd1b019,1500,3.4421,91576
2025-11-10_CautiousWD,1aac0132-a891-4ed9-b358-0fd2abd1b019,1750,3.3784,107012
2025-11-10_CautiousWD,1aac0132-a891-4ed9-b358-0fd2abd1b019,2000,3.3237,122438
2025-11-10_CautiousWD,1aac0132-a891-4ed9-b358-0fd2abd1b019,2245,3.2784,137582
2025-11-10_CautiousWD,1f62a34f-fb60-4228-bd77-639ac781809f,0,10.8258,0
2025-11-10_CautiousWD,1f62a34f-fb60-4228-bd77-639ac781809f,250,4.0677,15208
2025-11-10_CautiousWD,1f62a34f-fb60-4228-bd77-639ac781809f,500,3.8138,30287
2025-11-10_CautiousWD,1f62a34f-fb60-4228-bd77-639ac781809f,750,3.6648,45796
2025-11-10_CautiousWD,1f62a34f-fb60-4228-bd77-639ac781809f,1000,3.5973,61089
2025-11-10_CautiousWD,1f62a34f-fb60-4228-bd77-639ac781809f,1250,3.5218,76402
2025-11-10_CautiousWD,1f62a34f-fb60-4228-bd77-639ac781809f,1500,3.4406,91728
2025-11-10_CautiousWD,1f62a34f-fb60-4228-bd77-639ac781809f,1750,3.3766,107173
2025-11-10_CautiousWD,1f62a34f-fb60-4228-bd77-639ac781809f,2000,3.3224,122605
2025-11-10_CautiousWD,1f62a34f-fb60-4228-bd77-639ac781809f,2245,3.2771,137753
2025-11-10_CautiousWD,f2223004-18ce-47d6-bff7-065ce3a78092,0,10.8258,0
2025-11-10_CautiousWD,f2223004-18ce-47d6-bff7-065ce3a78092,250,4.0721,15196
2025-11-10_CautiousWD,f2223004-18ce-47d6-bff7-065ce3a78092,500,3.8156,30258
2025-11-10_CautiousWD,f2223004-18ce-47d6-bff7-065ce3a78092,750,3.6674,45755
2025-11-10_CautiousWD,f2223004-18ce-47d6-bff7-065ce3a78092,1000,3.5961,61054
2025-11-10_CautiousWD,f2223004-18ce-47d6-bff7-065ce3a78092,1250,3.5218,76371
2025-11-10_CautiousWD,f2223004-18ce-47d6-bff7-065ce3a78092,1500,3.4418,91691
2025-11-10_CautiousWD,f2223004-18ce-47d6-bff7-065ce3a78092,1750,3.3773,107129
2025-11-10_CautiousWD,f2223004-18ce-47d6-bff7-065ce3a78092,2000,3.3233,122557
2025-11-10_CautiousWD,f2223004-18ce-47d6-bff7-065ce3a78092,2245,3.2783,137705
2025-11-10_CautiousWD,cdef87a8-cc95-4916-bc6a-83c9615d24c2,0,10.8258,0
2025-11-10_CautiousWD,cdef87a8-cc95-4916-bc6a-83c9615d24c2,250,4.0984,15153
2025-11-10_CautiousWD,cdef87a8-cc95-4916-bc6a-83c9615d24c2,500,3.8233,30181
2025-11-10_CautiousWD,cdef87a8-cc95-4916-bc6a-83c9615d24c2,750,3.6688,45628
2025-11-10_CautiousWD,cdef87a8-cc95-4916-bc6a-83c9615d24c2,1000,3.5937,60914
2025-11-10_CautiousWD,cdef87a8-cc95-4916-bc6a-83c9615d24c2,1250,3.5225,76216
2025-11-10_CautiousWD,cdef87a8-cc95-4916-bc6a-83c9615d24c2,1500,3.4421,91537
2025-11-10_CautiousWD,cdef87a8-cc95-4916-bc6a-83c9615d24c2,1750,3.3778,106935
2025-11-10_CautiousWD,cdef87a8-cc95-4916-bc6a-83c9615d24c2,2000,3.3231,122333
2025-11-10_CautiousWD,cdef87a8-cc95-4916-bc6a-83c9615d24c2,2245,3.2785,137456
2025-11-10_CautiousWD,aeaf2a6d-2a2e-4414-bc48-293946e087fc,0,10.8258,0
2025-11-10_CautiousWD,aeaf2a6d-2a2e-4414-bc48-293946e087fc,250,4.0758,15201
2025-11-10_CautiousWD,aeaf2a6d-2a2e-4414-bc48-293946e087fc,500,3.8189,30272
2025-11-10_CautiousWD,aeaf2a6d-2a2e-4414-bc48-293946e087fc,750,3.6675,45756
2025-11-10_CautiousWD,aeaf2a6d-2a2e-4414-bc48-293946e087fc,1000,3.5894,61064
2025-11-10_CautiousWD,aeaf2a6d-2a2e-4414-bc48-293946e087fc,1250,3.5199,76380
2025-11-10_CautiousWD,aeaf2a6d-2a2e-4414-bc48-293946e087fc,1500,3.4412,91707
2025-11-10_CautiousWD,aeaf2a6d-2a2e-4414-bc48-293946e087fc,1750,3.3771,107143
2025-11-10_CautiousWD,aeaf2a6d-2a2e-4414-bc48-293946e087fc,2000,3.3226,122579
2025-11-10_CautiousWD,aeaf2a6d-2a2e-4414-bc48-293946e087fc,2245,3.2772,137722
2025-11-10_CautiousWD,541679f5-b0e3-4a19-a5ae-34b6a4f2d896,0,10.8258,0
2025-11-10_CautiousWD,541679f5-b0e3-4a19-a5ae-34b6a4f2d896,250,4.086,15138
2025-11-10_CautiousWD,541679f5-b0e3-4a19-a5ae-34b6a4f2d896,500,3.8269,30166
2025-11-10_CautiousWD,541679f5-b0e3-4a19-a5ae-34b6a4f2d896,750,3.6718,45656
2025-11-10_CautiousWD,541679f5-b0e3-4a19-a5ae-34b6a4f2d896,1000,3.5943,60944
2025-11-10_CautiousWD,541679f5-b0e3-4a19-a5ae-34b6a4f2d896,1250,3.5237,76250
2025-11-10_CautiousWD,541679f5-b0e3-4a19-a5ae-34b6a4f2d896,1500,3.4445,91577
2025-11-10_CautiousWD,541679f5-b0e3-4a19-a5ae-34b6a4f2d896,1750,3.3798,106976
2025-11-10_CautiousWD,541679f5-b0e3-4a19-a5ae-34b6a4f2d896,2000,3.3249,122385
2025-11-10_CautiousWD,541679f5-b0e3-4a19-a5ae-34b6a4f2d896,2245,3.279,137507
2025-11-10_CautiousWD,cd7f6820-13cb-4ac8-b7ff-5cdac53faada,0,10.8258,0
2025-11-10_CautiousWD,cd7f6820-13cb-4ac8-b7ff-5cdac53faada,250,4.0752,15207
2025-11-10_CautiousWD,cd7f6820-13cb-4ac8-b7ff-5cdac53faada,500,3.8231,30231
2025-11-10_CautiousWD,cd7f6820-13cb-4ac8-b7ff-5cdac53faada,750,3.6687,45839
2025-11-10_CautiousWD,cd7f6820-13cb-4ac8-b7ff-5cdac53faada,1000,3.5916,61132
2025-11-10_CautiousWD,cd7f6820-13cb-4ac8-b7ff-5cdac53faada,1250,3.5215,76434
2025-11-10_CautiousWD,cd7f6820-13cb-4ac8-b7ff-5cdac53faada,1500,3.4415,91748
2025-11-10_CautiousWD,cd7f6820-13cb-4ac8-b7ff-5cdac53faada,1750,3.3772,107160
2025-11-10_CautiousWD,cd7f6820-13cb-4ac8-b7ff-5cdac53faada,2000,3.3229,122564
2025-11-10_CautiousWD,cd7f6820-13cb-4ac8-b7ff-5cdac53faada,2245,3.2772,137677
2025-11-02-Smear-MTP,000_3b50518d-d542-44bc-8566-3abf633f83ad,0,10.82584,0
2025-11-02-Smear-MTP,000_3b50518d-d542-44bc-8566-3abf633f83ad,125,4.263118,28554
2025-11-02-Smear-MTP,000_3b50518d-d542-44bc-8566-3abf633f83ad,250,3.845987,57223
2025-11-02-Smear-MTP,000_3b50518d-d542-44bc-8566-3abf633f83ad,375,3.670916,86321
2025-11-02-Smear-MTP,000_3b50518d-d542-44bc-8566-3abf633f83ad,500,3.556445,115821
2025-11-02-Smear-MTP,000_3b50518d-d542-44bc-8566-3abf633f83ad,625,3.47898,145540
2025-11-02-Smear-MTP,000_3b50518d-d542-44bc-8566-3abf633f83ad,750,3.425456,175574
2025-11-02-Smear-MTP,000_3b50518d-d542-44bc-8566-3abf633f83ad,875,3.380815,205697
2025-11-02-Smear-MTP,000_3b50518d-d542-44bc-8566-3abf633f83ad,1000,3.347032,236107
2025-11-02-Smear-MTP,000_3b50518d-d542-44bc-8566-3abf633f83ad,1125,3.316779,266583
2025-11-02-Smear-MTP,000_3b50518d-d542-44bc-8566-3abf633f83ad,1250,3.291978,297215
2025-11-02-Smear-MTP,000_3b50518d-d542-44bc-8566-3abf633f83ad,1375,3.272248,327986
2025-11-02-Smear-MTP,000_3b50518d-d542-44bc-8566-3abf633f83ad,1500,3.252971,358757
2025-11-02-Smear-MTP,000_3b50518d-d542-44bc-8566-3abf633f83ad,1625,3.236582,389610
2025-11-02-Smear-MTP,000_3b50518d-d542-44bc-8566-3abf633f83ad,1750,3.220371,420426
2025-11-02-Smear-MTP,000_3b50518d-d542-44bc-8566-3abf633f83ad,1875,3.202163,451298
2025-11-02-Smear-MTP,000_3b50518d-d542-44bc-8566-3abf633f83ad,2000,3.187255,482409
2025-11-02-Smear-MTP,000_3b50518d-d542-44bc-8566-3abf633f83ad,2125,3.173715,513533
2025-11-02-Smear-MTP,000_3b50518d-d542-44bc-8566-3abf633f83ad,2250,3.159035,544643
2025-11-02-Smear-MTP,000_3b50518d-d542-44bc-8566-3abf633f83ad,2375,3.147044,575770
2025-11-02-Smear-MTP,000_3b50518d-d542-44bc-8566-3abf633f83ad,2500,3.136047,606919
2025-11-02-Smear-MTP,000_3b50518d-d542-44bc-8566-3abf633f83ad,2625,3.124198,638027
2025-11-02-Smear-MTP,000_3b50518d-d542-44bc-8566-3abf633f83ad,2750,3.113449,669098
2025-11-02-Smear-MTP,000_3b50518d-d542-44bc-8566-3abf633f83ad,2875,3.104164,700204
2025-11-02-Smear-MTP,000_3b50518d-d542-44bc-8566-3abf633f83ad,3000,3.093141,731342
2025-11-02-Smear-MTP,000_3b50518d-d542-44bc-8566-3abf633f83ad,3125,3.081749,762488
2025-11-02-Smear-MTP,000_3b50518d-d542-44bc-8566-3abf633f83ad,3250,3.070642,793618
2025-11-02-Smear-MTP,000_3b50518d-d542-44bc-8566-3abf633f83ad,3375,3.0621,824719
2025-11-02-Smear-MTP,000_3b50518d-d542-44bc-8566-3abf633f83ad,3500,3.053267,855864
2025-11-02-Smear-MTP,000_3b50518d-d542-44bc-8566-3abf633f83ad,3625,3.0446,886986
2025-11-02-Smear-MTP,000_3b50518d-d542-44bc-8566-3abf633f83ad,3750,3.034938,918132
2025-11-02-Smear-MTP,000_3b50518d-d542-44bc-8566-3abf633f83ad,3875,3.02591,949321
2025-11-02-Smear-MTP,000_3b50518d-d542-44bc-8566-3abf633f83ad,4000,3.016735,980513
2025-11-02-Smear-MTP,000_3b50518d-d542-44bc-8566-3abf633f83ad,4125,3.007094,1011780
2025-11-02-Smear-MTP,000_3b50518d-d542-44bc-8566-3abf633f83ad,4250,2.998751,1043228
2025-11-02-Smear-MTP,000_3b50518d-d542-44bc-8566-3abf633f83ad,4375,2.989622,1074719
2025-11-02-Smear-MTP,000_3b50518d-d542-44bc-8566-3abf633f83ad,4500,2.981176,1106268
2025-11-02-Smear-MTP,000_3b50518d-d542-44bc-8566-3abf633f83ad,4625,2.97205,1137937
2025-11-02-Smear-MTP,000_3b50518d-d542-44bc-8566-3abf633f83ad,4750,2.962718,1169745
2025-11-02-Smear-MTP,000_3b50518d-d542-44bc-8566-3abf633f83ad,4875,2.953963,1201706
2025-11-02-Smear-MTP,000_3b50518d-d542-44bc-8566-3abf633f83ad,5000,2.945866,1233758
2025-11-02-Smear-MTP,000_3b50518d-d542-44bc-8566-3abf633f83ad,5125,2.938193,1265963
2025-11-02-Smear-MTP,000_3b50518d-d542-44bc-8566-3abf633f83ad,5250,2.931067,1298371
2025-11-02-Smear-MTP,000_3b50518d-d542-44bc-8566-3abf633f83ad,5375,2.92467,1330890
2025-11-02-Smear-MTP,000_3b50518d-d542-44bc-8566-3abf633f83ad,5500,2.920043,1363639
2025-11-02-Smear-MTP,000_3b50518d-d542-44bc-8566-3abf633f83ad,5535,2.919281,1372856
2025-10-31_AdamSyncGradientHook,0c17cdfd-772c-4906-8d11-141b370599a0,0,10.8258,0
2025-10-31_AdamSyncGradientHook,0c17cdfd-772c-4906-8d11-141b370599a0,250,4.0687,15258
2025-10-31_AdamSyncGradientHook,0c17cdfd-772c-4906-8d11-141b370599a0,500,3.8135,30405
2025-10-31_AdamSyncGradientHook,0c17cdfd-772c-4906-8d11-141b370599a0,750,3.6658,45561
2025-10-31_AdamSyncGradientHook,0c17cdfd-772c-4906-8d11-141b370599a0,1000,3.5866,60875
2025-10-31_AdamSyncGradientHook,0c17cdfd-772c-4906-8d11-141b370599a0,1250,3.5175,76185
2025-10-31_AdamSyncGradientHook,0c17cdfd-772c-4906-8d11-141b370599a0,1500,3.4383,91514
2025-10-31_AdamSyncGradientHook,0c17cdfd-772c-4906-8d11-141b370599a0,1750,3.3746,106958
2025-10-31_AdamSyncGradientHook,0c17cdfd-772c-4906-8d11-141b370599a0,2000,3.3204,122404
2025-10-31_AdamSyncGradientHook,0c17cdfd-772c-4906-8d11-141b370599a0,2245,3.2754,137554
2025-10-31_AdamSyncGradientHook,33e7e7a1-1c77-4336-b8a2-15bdf91a9ef9,0,10.8258,0
2025-10-31_AdamSyncGradientHook,33e7e7a1-1c77-4336-b8a2-15bdf91a9ef9,250,4.0744,15248
2025-10-31_AdamSyncGradientHook,33e7e7a1-1c77-4336-b8a2-15bdf91a9ef9,500,3.8217,30384
2025-10-31_AdamSyncGradientHook,33e7e7a1-1c77-4336-b8a2-15bdf91a9ef9,750,3.6696,45528
2025-10-31_AdamSyncGradientHook,33e7e7a1-1c77-4336-b8a2-15bdf91a9ef9,1000,3.5948,60840
2025-10-31_AdamSyncGradientHook,33e7e7a1-1c77-4336-b8a2-15bdf91a9ef9,1250,3.5255,76143
2025-10-31_AdamSyncGradientHook,33e7e7a1-1c77-4336-b8a2-15bdf91a9ef9,1500,3.4438,91476
2025-10-31_AdamSyncGradientHook,33e7e7a1-1c77-4336-b8a2-15bdf91a9ef9,1750,3.3803,106940
2025-10-31_AdamSyncGradientHook,33e7e7a1-1c77-4336-b8a2-15bdf91a9ef9,2000,3.3261,122381
2025-10-31_AdamSyncGradientHook,33e7e7a1-1c77-4336-b8a2-15bdf91a9ef9,2245,3.2805,137542
2025-10-31_AdamSyncGradientHook,b725e7bc-aae8-44c3-8f6f-2ac01b15276c,0,10.8258,0
2025-10-31_AdamSyncGradientHook,b725e7bc-aae8-44c3-8f6f-2ac01b15276c,250,4.0873,15232
2025-10-31_AdamSyncGradientHook,b725e7bc-aae8-44c3-8f6f-2ac01b15276c,500,3.8238,30335
2025-10-31_AdamSyncGradientHook,b725e7bc-aae8-44c3-8f6f-2ac01b15276c,750,3.6765,45976
2025-10-31_AdamSyncGradientHook,b725e7bc-aae8-44c3-8f6f-2ac01b15276c,1000,3.5937,61285
2025-10-31_AdamSyncGradientHook,b725e7bc-aae8-44c3-8f6f-2ac01b15276c,1250,3.524,76593
2025-10-31_AdamSyncGradientHook,b725e7bc-aae8-44c3-8f6f-2ac01b15276c,1500,3.4418,91921
2025-10-31_AdamSyncGradientHook,b725e7bc-aae8-44c3-8f6f-2ac01b15276c,1750,3.3775,107332
2025-10-31_AdamSyncGradientHook,b725e7bc-aae8-44c3-8f6f-2ac01b15276c,2000,3.3227,122758
2025-10-31_AdamSyncGradientHook,b725e7bc-aae8-44c3-8f6f-2ac01b15276c,2245,3.2779,137898
2025-10-31_AdamSyncGradientHook,23e15f01-247b-4eb7-aa2c-4e8f917de8fd,0,10.8258,0
2025-10-31_AdamSyncGradientHook,23e15f01-247b-4eb7-aa2c-4e8f917de8fd,250,4.0937,15256
2025-10-31_AdamSyncGradientHook,23e15f01-247b-4eb7-aa2c-4e8f917de8fd,500,3.8233,30391
2025-10-31_AdamSyncGradientHook,23e15f01-247b-4eb7-aa2c-4e8f917de8fd,750,3.6709,45537
2025-10-31_AdamSyncGradientHook,23e15f01-247b-4eb7-aa2c-4e8f917de8fd,1000,3.5977,60847
2025-10-31_AdamSyncGradientHook,23e15f01-247b-4eb7-aa2c-4e8f917de8fd,1250,3.5222,76152
2025-10-31_AdamSyncGradientHook,23e15f01-247b-4eb7-aa2c-4e8f917de8fd,1500,3.4423,91482
2025-10-31_AdamSyncGradientHook,23e15f01-247b-4eb7-aa2c-4e8f917de8fd,1750,3.3774,106931
2025-10-31_AdamSyncGradientHook,23e15f01-247b-4eb7-aa2c-4e8f917de8fd,2000,3.3233,122366
2025-10-31_AdamSyncGradientHook,23e15f01-247b-4eb7-aa2c-4e8f917de8fd,2245,3.2781,137514
2025-10-31_AdamSyncGradientHook,8fb212eb-34cf-4f44-a9e0-c897a5440fa8,0,10.8258,0
2025-10-31_AdamSyncGradientHook,8fb212eb-34cf-4f44-a9e0-c897a5440fa8,250,4.076,15243
2025-10-31_AdamSyncGradientHook,8fb212eb-34cf-4f44-a9e0-c897a5440fa8,500,3.8213,30410
2025-10-31_AdamSyncGradientHook,8fb212eb-34cf-4f44-a9e0-c897a5440fa8,750,3.6685,45574
2025-10-31_AdamSyncGradientHook,8fb212eb-34cf-4f44-a9e0-c897a5440fa8,1000,3.5958,60889
2025-10-31_AdamSyncGradientHook,8fb212eb-34cf-4f44-a9e0-c897a5440fa8,1250,3.5249,76206
2025-10-31_AdamSyncGradientHook,8fb212eb-34cf-4f44-a9e0-c897a5440fa8,1500,3.4421,91535
2025-10-31_AdamSyncGradientHook,8fb212eb-34cf-4f44-a9e0-c897a5440fa8,1750,3.3778,106988
2025-10-31_AdamSyncGradientHook,8fb212eb-34cf-4f44-a9e0-c897a5440fa8,2000,3.3238,122459
2025-10-31_AdamSyncGradientHook,8fb212eb-34cf-4f44-a9e0-c897a5440fa8,2245,3.2781,137635
